{
  "loss_curves": {
    "path": "/content/drive/My Drive/MedicalRecommenderV3/plots/loss_curves.png",
    "title": "Training and Validation Loss Curves",
    "description": "Shows loss curves over epochs for training and validation datasets."
  },
  "accuracy_curves": {
    "path": "/content/drive/My Drive/MedicalRecommenderV3/plots/accuracy_curves.png",
    "title": "Training and Validation Accuracy Curves",
    "description": "Shows precision, recall, and F1 scores for validation dataset."
  }
}