{
  "loss_curves": {
    "path": "/content/drive/My Drive/MedicalRecommenderV3/plots/loss_curves.png",
    "title": "Training and Validation Loss Curves",
    "description": "Shows loss curves over epochs for training and validation datasets."
  },
  "prf_curve": {
    "path": "/content/drive/My Drive/MedicalRecommenderV3/plots/prf_curves.png",
    "title": "Precision, Recall, and F1 Curves",
    "description": "Shows precision, recall, and F1 scores for validation dataset."
  },
  "precision_recall_curve": {
    "path": "/content/drive/My Drive/MedicalRecommenderV3/plots/precision_recall_curve.png",
    "title": "Precision-Recall Curve (AUC = 1.00)",
    "description": "Shows trade-off between precision and recall."
  },
  "roc_curve": {
    "path": "/content/drive/My Drive/MedicalRecommenderV3/plots/roc_curve.png",
    "title": "ROC Curve (AUC = 1.00)",
    "description": "Shows ROC curve with true positives vs. false positives."
  },
  "diversity_novelty": {
    "path": "/content/drive/My Drive/MedicalRecommenderV3/plots/diversity_novelty.png",
    "title": "Diversity of Conditions",
    "description": "Bar plot of frequency of recommended conditions."
  },
  "map": {
    "path": "/content/drive/My Drive/MedicalRecommenderV3/plots/map.png",
    "title": "MAP per Patient",
    "description": "Shows MAP scores for recommendation accuracy per patient."
  }
}