{
  "Iqra": {
    "name": "Iqra",
    "symptoms": "headache flu fever full body",
    "conditions": [
      {
        "Condition": "influenza",
        "Doctor": "Dr Peerzada Ajaz, General Physician",
        "Treatment": "rest hydration medication mild prescription medication usually work",
        "Specialist": "General Physician",
        "Rating": 5.0,
        "Address": "General practitioner Dr. Shahs Sight Centre",
        "City": "Poonch",
        "Score": 0.8670168519020081
      },
      {
        "Condition": "appendicitis",
        "Doctor": "Dr Imran Khan Orthopaedic in Anantnag J&K",
        "Treatment": "consultation standard treatment protocol stronger prescription drug may necessary",
        "Specialist": "Surgeon",
        "Rating": 4.8,
        "Address": "Orthopedic surgeon Valley pharmacy, opp. GMC",
        "City": "Neelum",
        "Score": 0.3
      },
      {
        "Condition": "eczema",
        "Doctor": "Dr Hassan Mahmood Tabassum",
        "Treatment": "consultation standard treatment protocol",
        "Specialist": "Dermatologist",
        "Rating": 5.0,
        "Address": "Doctor C89R+R65",
        "City": "Rahim Yar Khan",
        "Score": 0.3
      },
      {
        "Condition": "asthma",
        "Doctor": "Dr Iltifat Sultan's Clinic",
        "Treatment": "lifestyle change regular medication periodic checkup mild prescription medication usually work",
        "Specialist": "Pulmonologist",
        "Rating": 3.6,
        "Address": "Pulmonologist 687-B Satayana Rd",
        "City": "Samundri",
        "Score": 0.3
      }
    ],
    "specialist_map": {
      "headache": "General Physician",
      "flu": "General Physician",
      "fever": "General Physician",
      "full": "General Physician",
      "body": "General Physician"
    },
    "explanation": "Unable to generate detailed explanation due to processing error.",
    "latency": 0.06564950942993164
  },
  "Moafi": {
    "name": "Moafi",
    "symptoms": "loss of appetite queasiness full body",
    "conditions": [
      {
        "Condition": "appendicitis",
        "Doctor": "Dr Amir Haleem",
        "Treatment": "consultation standard treatment protocol stronger prescription drug may necessary",
        "Specialist": "Surgeon",
        "Rating": 5.0,
        "Address": "Orthopedic surgeon ROYAL SPECIALIST HOSPITAL, Lane 19",
        "City": "Rawalpindi",
        "Score": 0.9358463287353516
      },
      {
        "Condition": "eczema",
        "Doctor": "Dr Hassan Mahmood Tabassum",
        "Treatment": "consultation standard treatment protocol",
        "Specialist": "Dermatologist",
        "Rating": 5.0,
        "Address": "Doctor C89R+R65",
        "City": "Rahim Yar Khan",
        "Score": 0.3
      },
      {
        "Condition": "asthma",
        "Doctor": "Dr Iltifat Sultan's Clinic",
        "Treatment": "lifestyle change regular medication periodic checkup mild prescription medication usually work",
        "Specialist": "Pulmonologist",
        "Rating": 3.6,
        "Address": "Pulmonologist 687-B Satayana Rd",
        "City": "Samundri",
        "Score": 0.3
      },
      {
        "Condition": "diabetes",
        "Doctor": "Dr Shahzad Hussain",
        "Treatment": "lifestyle change regular medication periodic checkup stronger prescription drug may necessary blood sugar hormone level monitoring essential",
        "Specialist": "Endocrinologist",
        "Rating": 5.0,
        "Address": "Diabetologist 18 Nishtar Road Zainab palaza, near Ghori lab",
        "City": "Shujabad",
        "Score": 0.3
      }
    ],
    "specialist_map": {
      "loss": "Surgeon",
      "of": "General Physician",
      "appetite": "Surgeon",
      "queasiness": "Surgeon",
      "full": "General Physician",
      "body": "General Physician"
    },
    "explanation": "Unable to generate detailed explanation due to processing error.",
    "latency": 0.06252837181091309
  },
  "Sumair": {
    "name": "Sumair",
    "symptoms": "chest pain shortness of breath",
    "conditions": [
      {
        "Condition": "asthma",
        "Doctor": "Dr Iltifat Sultan's Clinic",
        "Treatment": "lifestyle change regular medication periodic checkup mild prescription medication usually work",
        "Specialist": "Pulmonologist",
        "Rating": 3.6,
        "Address": "Pulmonologist 687-B Satayana Rd",
        "City": "Samundri",
        "Score": 0.9837242960929871
      },
      {
        "Condition": "appendicitis",
        "Doctor": "Dr Imran Khan Orthopaedic in Anantnag J&K",
        "Treatment": "consultation standard treatment protocol stronger prescription drug may necessary",
        "Specialist": "Surgeon",
        "Rating": 4.8,
        "Address": "Orthopedic surgeon Valley pharmacy, opp. GMC",
        "City": "Neelum",
        "Score": 0.3
      },
      {
        "Condition": "eczema",
        "Doctor": "Dr Hassan Mahmood Tabassum",
        "Treatment": "consultation standard treatment protocol",
        "Specialist": "Dermatologist",
        "Rating": 5.0,
        "Address": "Doctor C89R+R65",
        "City": "Rahim Yar Khan",
        "Score": 0.3
      },
      {
        "Condition": "asthma",
        "Doctor": "Dr Iltifat Sultan's Clinic",
        "Treatment": "lifestyle change regular medication periodic checkup mild prescription medication usually work",
        "Specialist": "Pulmonologist",
        "Rating": 3.6,
        "Address": "Pulmonologist 687-B Satayana Rd",
        "City": "Samundri",
        "Score": 0.3
      }
    ],
    "specialist_map": {
      "chest": "Pulmonologist",
      "pain": "Surgeon",
      "shortness": "Pulmonologist",
      "of": "General Physician",
      "breath": "Pulmonologist"
    },
    "explanation": "Unable to generate detailed explanation due to processing error.",
    "latency": 0.05557847023010254
  }
}