{
  "best_global_step": null,
  "best_metric": null,
  "best_model_checkpoint": null,
  "epoch": 2.0,
  "eval_steps": 500,
  "global_step": 3778,
  "is_hyper_param_search": false,
  "is_local_process_zero": true,
  "is_world_process_zero": true,
  "log_history": [
    {
      "epoch": 0.004236166269526079,
      "grad_norm": 10.531641960144043,
      "learning_rate": 1.996294335627316e-05,
      "loss": 13.8482,
      "step": 8
    },
    {
      "epoch": 0.008472332539052158,
      "grad_norm": 9.856385231018066,
      "learning_rate": 1.992059290629963e-05,
      "loss": 13.5512,
      "step": 16
    },
    {
      "epoch": 0.012708498808578236,
      "grad_norm": 10.747886657714844,
      "learning_rate": 1.98782424563261e-05,
      "loss": 13.4962,
      "step": 24
    },
    {
      "epoch": 0.016944665078104316,
      "grad_norm": 10.459452629089355,
      "learning_rate": 1.983589200635257e-05,
      "loss": 13.3428,
      "step": 32
    },
    {
      "epoch": 0.021180831347630394,
      "grad_norm": 12.116472244262695,
      "learning_rate": 1.9793541556379038e-05,
      "loss": 13.2364,
      "step": 40
    },
    {
      "epoch": 0.025416997617156472,
      "grad_norm": 11.391950607299805,
      "learning_rate": 1.9751191106405506e-05,
      "loss": 13.1504,
      "step": 48
    },
    {
      "epoch": 0.029653163886682554,
      "grad_norm": 13.194199562072754,
      "learning_rate": 1.9708840656431977e-05,
      "loss": 13.075,
      "step": 56
    },
    {
      "epoch": 0.03388933015620863,
      "grad_norm": 12.654184341430664,
      "learning_rate": 1.9666490206458445e-05,
      "loss": 12.933,
      "step": 64
    },
    {
      "epoch": 0.03812549642573471,
      "grad_norm": 12.469375610351562,
      "learning_rate": 1.9624139756484916e-05,
      "loss": 12.6553,
      "step": 72
    },
    {
      "epoch": 0.04236166269526079,
      "grad_norm": 12.639065742492676,
      "learning_rate": 1.9581789306511384e-05,
      "loss": 12.5321,
      "step": 80
    },
    {
      "epoch": 0.04659782896478687,
      "grad_norm": 12.48052978515625,
      "learning_rate": 1.953943885653785e-05,
      "loss": 12.3832,
      "step": 88
    },
    {
      "epoch": 0.050833995234312944,
      "grad_norm": 13.065821647644043,
      "learning_rate": 1.9497088406564323e-05,
      "loss": 12.2474,
      "step": 96
    },
    {
      "epoch": 0.055070161503839025,
      "grad_norm": 12.97282886505127,
      "learning_rate": 1.945473795659079e-05,
      "loss": 11.9938,
      "step": 104
    },
    {
      "epoch": 0.05930632777336511,
      "grad_norm": 12.532829284667969,
      "learning_rate": 1.941238750661726e-05,
      "loss": 11.8857,
      "step": 112
    },
    {
      "epoch": 0.06354249404289118,
      "grad_norm": 12.743896484375,
      "learning_rate": 1.937003705664373e-05,
      "loss": 11.6837,
      "step": 120
    },
    {
      "epoch": 0.06777866031241726,
      "grad_norm": 12.755451202392578,
      "learning_rate": 1.9327686606670197e-05,
      "loss": 11.507,
      "step": 128
    },
    {
      "epoch": 0.07201482658194334,
      "grad_norm": 13.554245948791504,
      "learning_rate": 1.9285336156696665e-05,
      "loss": 11.2952,
      "step": 136
    },
    {
      "epoch": 0.07625099285146943,
      "grad_norm": 13.075295448303223,
      "learning_rate": 1.9242985706723136e-05,
      "loss": 11.2269,
      "step": 144
    },
    {
      "epoch": 0.0804871591209955,
      "grad_norm": 13.214040756225586,
      "learning_rate": 1.9200635256749604e-05,
      "loss": 11.05,
      "step": 152
    },
    {
      "epoch": 0.08472332539052158,
      "grad_norm": 12.680874824523926,
      "learning_rate": 1.9158284806776072e-05,
      "loss": 10.8286,
      "step": 160
    },
    {
      "epoch": 0.08895949166004766,
      "grad_norm": 14.606249809265137,
      "learning_rate": 1.9115934356802543e-05,
      "loss": 10.7181,
      "step": 168
    },
    {
      "epoch": 0.09319565792957374,
      "grad_norm": 12.575605392456055,
      "learning_rate": 1.907358390682901e-05,
      "loss": 10.5157,
      "step": 176
    },
    {
      "epoch": 0.09743182419909982,
      "grad_norm": 12.775375366210938,
      "learning_rate": 1.903123345685548e-05,
      "loss": 10.3469,
      "step": 184
    },
    {
      "epoch": 0.10166799046862589,
      "grad_norm": 12.894500732421875,
      "learning_rate": 1.898888300688195e-05,
      "loss": 10.1875,
      "step": 192
    },
    {
      "epoch": 0.10590415673815197,
      "grad_norm": 12.436711311340332,
      "learning_rate": 1.8946532556908418e-05,
      "loss": 9.8931,
      "step": 200
    },
    {
      "epoch": 0.11014032300767805,
      "grad_norm": 11.348023414611816,
      "learning_rate": 1.8904182106934886e-05,
      "loss": 9.7918,
      "step": 208
    },
    {
      "epoch": 0.11437648927720413,
      "grad_norm": 11.014409065246582,
      "learning_rate": 1.8861831656961357e-05,
      "loss": 9.5942,
      "step": 216
    },
    {
      "epoch": 0.11861265554673021,
      "grad_norm": 10.813820838928223,
      "learning_rate": 1.8819481206987825e-05,
      "loss": 9.5096,
      "step": 224
    },
    {
      "epoch": 0.12284882181625628,
      "grad_norm": 10.613654136657715,
      "learning_rate": 1.8777130757014296e-05,
      "loss": 9.3279,
      "step": 232
    },
    {
      "epoch": 0.12708498808578236,
      "grad_norm": 9.970993995666504,
      "learning_rate": 1.8734780307040764e-05,
      "loss": 9.1002,
      "step": 240
    },
    {
      "epoch": 0.13132115435530844,
      "grad_norm": 9.868415832519531,
      "learning_rate": 1.8692429857067235e-05,
      "loss": 8.9955,
      "step": 248
    },
    {
      "epoch": 0.13555732062483453,
      "grad_norm": 9.1073579788208,
      "learning_rate": 1.8650079407093703e-05,
      "loss": 8.8495,
      "step": 256
    },
    {
      "epoch": 0.1397934868943606,
      "grad_norm": 8.9359130859375,
      "learning_rate": 1.860772895712017e-05,
      "loss": 8.7022,
      "step": 264
    },
    {
      "epoch": 0.1440296531638867,
      "grad_norm": 7.748507499694824,
      "learning_rate": 1.8565378507146642e-05,
      "loss": 8.5853,
      "step": 272
    },
    {
      "epoch": 0.14826581943341277,
      "grad_norm": 7.032320976257324,
      "learning_rate": 1.852302805717311e-05,
      "loss": 8.5025,
      "step": 280
    },
    {
      "epoch": 0.15250198570293885,
      "grad_norm": 6.879587173461914,
      "learning_rate": 1.8480677607199578e-05,
      "loss": 8.392,
      "step": 288
    },
    {
      "epoch": 0.1567381519724649,
      "grad_norm": 6.330939292907715,
      "learning_rate": 1.843832715722605e-05,
      "loss": 8.3202,
      "step": 296
    },
    {
      "epoch": 0.160974318241991,
      "grad_norm": 5.657999038696289,
      "learning_rate": 1.8395976707252517e-05,
      "loss": 8.2814,
      "step": 304
    },
    {
      "epoch": 0.16521048451151707,
      "grad_norm": 5.550990581512451,
      "learning_rate": 1.8353626257278984e-05,
      "loss": 8.1351,
      "step": 312
    },
    {
      "epoch": 0.16944665078104315,
      "grad_norm": 4.578928470611572,
      "learning_rate": 1.8311275807305452e-05,
      "loss": 7.9896,
      "step": 320
    },
    {
      "epoch": 0.17368281705056923,
      "grad_norm": 4.674887180328369,
      "learning_rate": 1.8268925357331924e-05,
      "loss": 7.9726,
      "step": 328
    },
    {
      "epoch": 0.17791898332009531,
      "grad_norm": 3.9592397212982178,
      "learning_rate": 1.822657490735839e-05,
      "loss": 7.9488,
      "step": 336
    },
    {
      "epoch": 0.1821551495896214,
      "grad_norm": 3.7139968872070312,
      "learning_rate": 1.818422445738486e-05,
      "loss": 7.8033,
      "step": 344
    },
    {
      "epoch": 0.18639131585914748,
      "grad_norm": 3.488973379135132,
      "learning_rate": 1.814187400741133e-05,
      "loss": 7.8682,
      "step": 352
    },
    {
      "epoch": 0.19062748212867356,
      "grad_norm": 3.6458537578582764,
      "learning_rate": 1.8099523557437798e-05,
      "loss": 7.7042,
      "step": 360
    },
    {
      "epoch": 0.19486364839819964,
      "grad_norm": 3.1983861923217773,
      "learning_rate": 1.8057173107464266e-05,
      "loss": 7.7063,
      "step": 368
    },
    {
      "epoch": 0.19909981466772572,
      "grad_norm": 3.3342478275299072,
      "learning_rate": 1.8014822657490737e-05,
      "loss": 7.6364,
      "step": 376
    },
    {
      "epoch": 0.20333598093725178,
      "grad_norm": 3.4655234813690186,
      "learning_rate": 1.7972472207517205e-05,
      "loss": 7.6128,
      "step": 384
    },
    {
      "epoch": 0.20757214720677786,
      "grad_norm": 2.869117021560669,
      "learning_rate": 1.7930121757543676e-05,
      "loss": 7.6068,
      "step": 392
    },
    {
      "epoch": 0.21180831347630394,
      "grad_norm": 3.299539566040039,
      "learning_rate": 1.7887771307570144e-05,
      "loss": 7.6303,
      "step": 400
    },
    {
      "epoch": 0.21604447974583002,
      "grad_norm": 3.3707308769226074,
      "learning_rate": 1.7845420857596615e-05,
      "loss": 7.461,
      "step": 408
    },
    {
      "epoch": 0.2202806460153561,
      "grad_norm": 2.829806089401245,
      "learning_rate": 1.7803070407623083e-05,
      "loss": 7.4569,
      "step": 416
    },
    {
      "epoch": 0.22451681228488218,
      "grad_norm": 2.8916842937469482,
      "learning_rate": 1.776071995764955e-05,
      "loss": 7.4464,
      "step": 424
    },
    {
      "epoch": 0.22875297855440826,
      "grad_norm": 2.9656002521514893,
      "learning_rate": 1.7718369507676022e-05,
      "loss": 7.4091,
      "step": 432
    },
    {
      "epoch": 0.23298914482393435,
      "grad_norm": 3.116314172744751,
      "learning_rate": 1.767601905770249e-05,
      "loss": 7.4111,
      "step": 440
    },
    {
      "epoch": 0.23722531109346043,
      "grad_norm": 2.999140501022339,
      "learning_rate": 1.7633668607728958e-05,
      "loss": 7.293,
      "step": 448
    },
    {
      "epoch": 0.2414614773629865,
      "grad_norm": 3.11156964302063,
      "learning_rate": 1.759131815775543e-05,
      "loss": 7.4483,
      "step": 456
    },
    {
      "epoch": 0.24569764363251256,
      "grad_norm": 2.6587114334106445,
      "learning_rate": 1.7548967707781897e-05,
      "loss": 7.3483,
      "step": 464
    },
    {
      "epoch": 0.24993380990203865,
      "grad_norm": 2.795168876647949,
      "learning_rate": 1.7506617257808365e-05,
      "loss": 7.2096,
      "step": 472
    },
    {
      "epoch": 0.2541699761715647,
      "grad_norm": 2.4666597843170166,
      "learning_rate": 1.7464266807834836e-05,
      "loss": 7.2751,
      "step": 480
    },
    {
      "epoch": 0.25840614244109084,
      "grad_norm": 2.798424243927002,
      "learning_rate": 1.7421916357861304e-05,
      "loss": 7.307,
      "step": 488
    },
    {
      "epoch": 0.2626423087106169,
      "grad_norm": 2.7407097816467285,
      "learning_rate": 1.737956590788777e-05,
      "loss": 7.1961,
      "step": 496
    },
    {
      "epoch": 0.26687847498014294,
      "grad_norm": 2.294914484024048,
      "learning_rate": 1.7337215457914243e-05,
      "loss": 7.1306,
      "step": 504
    },
    {
      "epoch": 0.27111464124966905,
      "grad_norm": 2.7760050296783447,
      "learning_rate": 1.729486500794071e-05,
      "loss": 7.2641,
      "step": 512
    },
    {
      "epoch": 0.2753508075191951,
      "grad_norm": 3.08271861076355,
      "learning_rate": 1.725251455796718e-05,
      "loss": 7.1041,
      "step": 520
    },
    {
      "epoch": 0.2795869737887212,
      "grad_norm": 2.738480806350708,
      "learning_rate": 1.721016410799365e-05,
      "loss": 7.19,
      "step": 528
    },
    {
      "epoch": 0.28382314005824727,
      "grad_norm": 2.6846725940704346,
      "learning_rate": 1.7167813658020117e-05,
      "loss": 7.0283,
      "step": 536
    },
    {
      "epoch": 0.2880593063277734,
      "grad_norm": 2.3701274394989014,
      "learning_rate": 1.7125463208046585e-05,
      "loss": 7.0495,
      "step": 544
    },
    {
      "epoch": 0.29229547259729943,
      "grad_norm": 2.3732428550720215,
      "learning_rate": 1.7083112758073056e-05,
      "loss": 7.0661,
      "step": 552
    },
    {
      "epoch": 0.29653163886682554,
      "grad_norm": 2.6144490242004395,
      "learning_rate": 1.7040762308099524e-05,
      "loss": 7.0691,
      "step": 560
    },
    {
      "epoch": 0.3007678051363516,
      "grad_norm": 2.6867120265960693,
      "learning_rate": 1.6998411858125996e-05,
      "loss": 7.0417,
      "step": 568
    },
    {
      "epoch": 0.3050039714058777,
      "grad_norm": 3.4958066940307617,
      "learning_rate": 1.6956061408152463e-05,
      "loss": 7.0191,
      "step": 576
    },
    {
      "epoch": 0.30924013767540376,
      "grad_norm": 2.5126757621765137,
      "learning_rate": 1.691371095817893e-05,
      "loss": 6.9865,
      "step": 584
    },
    {
      "epoch": 0.3134763039449298,
      "grad_norm": 2.5321786403656006,
      "learning_rate": 1.6871360508205402e-05,
      "loss": 7.0053,
      "step": 592
    },
    {
      "epoch": 0.3177124702144559,
      "grad_norm": 2.5554184913635254,
      "learning_rate": 1.682901005823187e-05,
      "loss": 6.9582,
      "step": 600
    },
    {
      "epoch": 0.321948636483982,
      "grad_norm": 2.7572500705718994,
      "learning_rate": 1.678665960825834e-05,
      "loss": 7.1143,
      "step": 608
    },
    {
      "epoch": 0.3261848027535081,
      "grad_norm": 3.172858476638794,
      "learning_rate": 1.674430915828481e-05,
      "loss": 6.9196,
      "step": 616
    },
    {
      "epoch": 0.33042096902303414,
      "grad_norm": 2.6064698696136475,
      "learning_rate": 1.6701958708311277e-05,
      "loss": 6.846,
      "step": 624
    },
    {
      "epoch": 0.33465713529256025,
      "grad_norm": 3.1658568382263184,
      "learning_rate": 1.6659608258337748e-05,
      "loss": 6.8952,
      "step": 632
    },
    {
      "epoch": 0.3388933015620863,
      "grad_norm": 2.3864009380340576,
      "learning_rate": 1.6617257808364216e-05,
      "loss": 6.9811,
      "step": 640
    },
    {
      "epoch": 0.3431294678316124,
      "grad_norm": 3.0950565338134766,
      "learning_rate": 1.6574907358390684e-05,
      "loss": 6.8917,
      "step": 648
    },
    {
      "epoch": 0.34736563410113847,
      "grad_norm": 2.234877109527588,
      "learning_rate": 1.6532556908417152e-05,
      "loss": 6.8428,
      "step": 656
    },
    {
      "epoch": 0.3516018003706646,
      "grad_norm": 2.8659040927886963,
      "learning_rate": 1.6490206458443623e-05,
      "loss": 6.8998,
      "step": 664
    },
    {
      "epoch": 0.35583796664019063,
      "grad_norm": 2.9152722358703613,
      "learning_rate": 1.644785600847009e-05,
      "loss": 6.9656,
      "step": 672
    },
    {
      "epoch": 0.3600741329097167,
      "grad_norm": 2.56111216545105,
      "learning_rate": 1.640550555849656e-05,
      "loss": 6.9416,
      "step": 680
    },
    {
      "epoch": 0.3643102991792428,
      "grad_norm": 2.4630672931671143,
      "learning_rate": 1.636315510852303e-05,
      "loss": 6.8155,
      "step": 688
    },
    {
      "epoch": 0.36854646544876885,
      "grad_norm": 2.8912107944488525,
      "learning_rate": 1.6320804658549498e-05,
      "loss": 6.9419,
      "step": 696
    },
    {
      "epoch": 0.37278263171829495,
      "grad_norm": 2.6037538051605225,
      "learning_rate": 1.6278454208575965e-05,
      "loss": 6.8348,
      "step": 704
    },
    {
      "epoch": 0.377018797987821,
      "grad_norm": 2.244015693664551,
      "learning_rate": 1.6236103758602437e-05,
      "loss": 6.7393,
      "step": 712
    },
    {
      "epoch": 0.3812549642573471,
      "grad_norm": 2.8993496894836426,
      "learning_rate": 1.6193753308628904e-05,
      "loss": 6.7725,
      "step": 720
    },
    {
      "epoch": 0.38549113052687317,
      "grad_norm": 2.5585248470306396,
      "learning_rate": 1.6151402858655372e-05,
      "loss": 6.8409,
      "step": 728
    },
    {
      "epoch": 0.3897272967963993,
      "grad_norm": 2.775815725326538,
      "learning_rate": 1.6109052408681844e-05,
      "loss": 6.6409,
      "step": 736
    },
    {
      "epoch": 0.39396346306592533,
      "grad_norm": 2.686936378479004,
      "learning_rate": 1.606670195870831e-05,
      "loss": 6.7813,
      "step": 744
    },
    {
      "epoch": 0.39819962933545144,
      "grad_norm": 2.4941811561584473,
      "learning_rate": 1.6024351508734783e-05,
      "loss": 6.7708,
      "step": 752
    },
    {
      "epoch": 0.4024357956049775,
      "grad_norm": 2.4058732986450195,
      "learning_rate": 1.598200105876125e-05,
      "loss": 6.8379,
      "step": 760
    },
    {
      "epoch": 0.40667196187450355,
      "grad_norm": 2.500408887863159,
      "learning_rate": 1.593965060878772e-05,
      "loss": 6.6986,
      "step": 768
    },
    {
      "epoch": 0.41090812814402966,
      "grad_norm": 2.4088504314422607,
      "learning_rate": 1.589730015881419e-05,
      "loss": 6.6301,
      "step": 776
    },
    {
      "epoch": 0.4151442944135557,
      "grad_norm": 2.900460720062256,
      "learning_rate": 1.5854949708840657e-05,
      "loss": 6.7877,
      "step": 784
    },
    {
      "epoch": 0.4193804606830818,
      "grad_norm": 2.7902090549468994,
      "learning_rate": 1.581259925886713e-05,
      "loss": 6.793,
      "step": 792
    },
    {
      "epoch": 0.4236166269526079,
      "grad_norm": 2.34922194480896,
      "learning_rate": 1.5770248808893596e-05,
      "loss": 6.6104,
      "step": 800
    },
    {
      "epoch": 0.427852793222134,
      "grad_norm": 2.7402286529541016,
      "learning_rate": 1.5727898358920064e-05,
      "loss": 6.7057,
      "step": 808
    },
    {
      "epoch": 0.43208895949166004,
      "grad_norm": 2.5012600421905518,
      "learning_rate": 1.5685547908946535e-05,
      "loss": 6.6825,
      "step": 816
    },
    {
      "epoch": 0.43632512576118615,
      "grad_norm": 2.8906145095825195,
      "learning_rate": 1.5643197458973003e-05,
      "loss": 6.7868,
      "step": 824
    },
    {
      "epoch": 0.4405612920307122,
      "grad_norm": 3.6738662719726562,
      "learning_rate": 1.560084700899947e-05,
      "loss": 6.7373,
      "step": 832
    },
    {
      "epoch": 0.44479745830023826,
      "grad_norm": 2.7773334980010986,
      "learning_rate": 1.5558496559025942e-05,
      "loss": 6.7008,
      "step": 840
    },
    {
      "epoch": 0.44903362456976437,
      "grad_norm": 3.1902377605438232,
      "learning_rate": 1.551614610905241e-05,
      "loss": 6.804,
      "step": 848
    },
    {
      "epoch": 0.4532697908392904,
      "grad_norm": 3.940847635269165,
      "learning_rate": 1.5473795659078878e-05,
      "loss": 6.637,
      "step": 856
    },
    {
      "epoch": 0.45750595710881653,
      "grad_norm": 3.146357297897339,
      "learning_rate": 1.543144520910535e-05,
      "loss": 6.759,
      "step": 864
    },
    {
      "epoch": 0.4617421233783426,
      "grad_norm": 2.6454553604125977,
      "learning_rate": 1.5389094759131817e-05,
      "loss": 6.6932,
      "step": 872
    },
    {
      "epoch": 0.4659782896478687,
      "grad_norm": 2.6415703296661377,
      "learning_rate": 1.5346744309158285e-05,
      "loss": 6.7905,
      "step": 880
    },
    {
      "epoch": 0.47021445591739475,
      "grad_norm": 2.4884297847747803,
      "learning_rate": 1.5304393859184753e-05,
      "loss": 6.7405,
      "step": 888
    },
    {
      "epoch": 0.47445062218692086,
      "grad_norm": 3.3068416118621826,
      "learning_rate": 1.5262043409211224e-05,
      "loss": 6.6842,
      "step": 896
    },
    {
      "epoch": 0.4786867884564469,
      "grad_norm": 3.8508083820343018,
      "learning_rate": 1.5219692959237693e-05,
      "loss": 6.5948,
      "step": 904
    },
    {
      "epoch": 0.482922954725973,
      "grad_norm": 2.339958667755127,
      "learning_rate": 1.5177342509264161e-05,
      "loss": 6.6162,
      "step": 912
    },
    {
      "epoch": 0.4871591209954991,
      "grad_norm": 2.9857213497161865,
      "learning_rate": 1.5134992059290632e-05,
      "loss": 6.5582,
      "step": 920
    },
    {
      "epoch": 0.4913952872650251,
      "grad_norm": 2.7337262630462646,
      "learning_rate": 1.50926416093171e-05,
      "loss": 6.5328,
      "step": 928
    },
    {
      "epoch": 0.49563145353455124,
      "grad_norm": 2.8627500534057617,
      "learning_rate": 1.5050291159343568e-05,
      "loss": 6.5742,
      "step": 936
    },
    {
      "epoch": 0.4998676198040773,
      "grad_norm": 3.3622970581054688,
      "learning_rate": 1.5007940709370039e-05,
      "loss": 6.5715,
      "step": 944
    },
    {
      "epoch": 0.5041037860736034,
      "grad_norm": 2.4071319103240967,
      "learning_rate": 1.4965590259396507e-05,
      "loss": 6.6482,
      "step": 952
    },
    {
      "epoch": 0.5083399523431295,
      "grad_norm": 2.7675483226776123,
      "learning_rate": 1.4923239809422976e-05,
      "loss": 6.5121,
      "step": 960
    },
    {
      "epoch": 0.5125761186126555,
      "grad_norm": 3.054080009460449,
      "learning_rate": 1.4880889359449446e-05,
      "loss": 6.6243,
      "step": 968
    },
    {
      "epoch": 0.5168122848821817,
      "grad_norm": 2.9075961112976074,
      "learning_rate": 1.4838538909475916e-05,
      "loss": 6.5552,
      "step": 976
    },
    {
      "epoch": 0.5210484511517077,
      "grad_norm": 2.586430072784424,
      "learning_rate": 1.4796188459502383e-05,
      "loss": 6.7025,
      "step": 984
    },
    {
      "epoch": 0.5252846174212338,
      "grad_norm": 2.93111252784729,
      "learning_rate": 1.4753838009528851e-05,
      "loss": 6.6524,
      "step": 992
    },
    {
      "epoch": 0.5295207836907598,
      "grad_norm": 2.8238136768341064,
      "learning_rate": 1.4711487559555322e-05,
      "loss": 6.6168,
      "step": 1000
    },
    {
      "epoch": 0.5337569499602859,
      "grad_norm": 2.7744100093841553,
      "learning_rate": 1.466913710958179e-05,
      "loss": 6.644,
      "step": 1008
    },
    {
      "epoch": 0.537993116229812,
      "grad_norm": 3.6312694549560547,
      "learning_rate": 1.4626786659608258e-05,
      "loss": 6.507,
      "step": 1016
    },
    {
      "epoch": 0.5422292824993381,
      "grad_norm": 3.713853120803833,
      "learning_rate": 1.458443620963473e-05,
      "loss": 6.3787,
      "step": 1024
    },
    {
      "epoch": 0.5464654487688642,
      "grad_norm": 2.923828125,
      "learning_rate": 1.4542085759661197e-05,
      "loss": 6.5967,
      "step": 1032
    },
    {
      "epoch": 0.5507016150383902,
      "grad_norm": 2.7873916625976562,
      "learning_rate": 1.4499735309687667e-05,
      "loss": 6.6434,
      "step": 1040
    },
    {
      "epoch": 0.5549377813079164,
      "grad_norm": 3.145498514175415,
      "learning_rate": 1.4457384859714136e-05,
      "loss": 6.5692,
      "step": 1048
    },
    {
      "epoch": 0.5591739475774424,
      "grad_norm": 2.925474166870117,
      "learning_rate": 1.4415034409740604e-05,
      "loss": 6.4565,
      "step": 1056
    },
    {
      "epoch": 0.5634101138469685,
      "grad_norm": 2.863168954849243,
      "learning_rate": 1.4372683959767073e-05,
      "loss": 6.5846,
      "step": 1064
    },
    {
      "epoch": 0.5676462801164945,
      "grad_norm": 2.847318172454834,
      "learning_rate": 1.4330333509793543e-05,
      "loss": 6.4871,
      "step": 1072
    },
    {
      "epoch": 0.5718824463860207,
      "grad_norm": 2.8652384281158447,
      "learning_rate": 1.4287983059820012e-05,
      "loss": 6.464,
      "step": 1080
    },
    {
      "epoch": 0.5761186126555468,
      "grad_norm": 3.1396660804748535,
      "learning_rate": 1.424563260984648e-05,
      "loss": 6.4476,
      "step": 1088
    },
    {
      "epoch": 0.5803547789250728,
      "grad_norm": 3.480633497238159,
      "learning_rate": 1.4203282159872952e-05,
      "loss": 6.5446,
      "step": 1096
    },
    {
      "epoch": 0.5845909451945989,
      "grad_norm": 2.82415509223938,
      "learning_rate": 1.416093170989942e-05,
      "loss": 6.5606,
      "step": 1104
    },
    {
      "epoch": 0.5888271114641249,
      "grad_norm": 3.140042781829834,
      "learning_rate": 1.4118581259925887e-05,
      "loss": 6.5588,
      "step": 1112
    },
    {
      "epoch": 0.5930632777336511,
      "grad_norm": 3.045844078063965,
      "learning_rate": 1.4076230809952357e-05,
      "loss": 6.3721,
      "step": 1120
    },
    {
      "epoch": 0.5972994440031771,
      "grad_norm": 2.926389694213867,
      "learning_rate": 1.4033880359978826e-05,
      "loss": 6.4982,
      "step": 1128
    },
    {
      "epoch": 0.6015356102727032,
      "grad_norm": 3.0823469161987305,
      "learning_rate": 1.3991529910005294e-05,
      "loss": 6.5781,
      "step": 1136
    },
    {
      "epoch": 0.6057717765422292,
      "grad_norm": 3.5572893619537354,
      "learning_rate": 1.3949179460031764e-05,
      "loss": 6.3638,
      "step": 1144
    },
    {
      "epoch": 0.6100079428117554,
      "grad_norm": 3.171799898147583,
      "learning_rate": 1.3906829010058233e-05,
      "loss": 6.3869,
      "step": 1152
    },
    {
      "epoch": 0.6142441090812815,
      "grad_norm": 4.361293792724609,
      "learning_rate": 1.3864478560084703e-05,
      "loss": 6.3721,
      "step": 1160
    },
    {
      "epoch": 0.6184802753508075,
      "grad_norm": 2.662271499633789,
      "learning_rate": 1.382212811011117e-05,
      "loss": 6.5435,
      "step": 1168
    },
    {
      "epoch": 0.6227164416203336,
      "grad_norm": 3.288212299346924,
      "learning_rate": 1.3779777660137642e-05,
      "loss": 6.4343,
      "step": 1176
    },
    {
      "epoch": 0.6269526078898596,
      "grad_norm": 2.4094982147216797,
      "learning_rate": 1.373742721016411e-05,
      "loss": 6.5062,
      "step": 1184
    },
    {
      "epoch": 0.6311887741593858,
      "grad_norm": 3.2913260459899902,
      "learning_rate": 1.3695076760190577e-05,
      "loss": 6.4448,
      "step": 1192
    },
    {
      "epoch": 0.6354249404289118,
      "grad_norm": 3.4326369762420654,
      "learning_rate": 1.3652726310217048e-05,
      "loss": 6.3421,
      "step": 1200
    },
    {
      "epoch": 0.6396611066984379,
      "grad_norm": 2.629901170730591,
      "learning_rate": 1.3610375860243516e-05,
      "loss": 6.5477,
      "step": 1208
    },
    {
      "epoch": 0.643897272967964,
      "grad_norm": 3.8423869609832764,
      "learning_rate": 1.3568025410269984e-05,
      "loss": 6.2757,
      "step": 1216
    },
    {
      "epoch": 0.6481334392374901,
      "grad_norm": 2.992403507232666,
      "learning_rate": 1.3525674960296454e-05,
      "loss": 6.5013,
      "step": 1224
    },
    {
      "epoch": 0.6523696055070162,
      "grad_norm": 2.9341039657592773,
      "learning_rate": 1.3483324510322923e-05,
      "loss": 6.4574,
      "step": 1232
    },
    {
      "epoch": 0.6566057717765422,
      "grad_norm": 3.8953566551208496,
      "learning_rate": 1.3440974060349393e-05,
      "loss": 6.4038,
      "step": 1240
    },
    {
      "epoch": 0.6608419380460683,
      "grad_norm": 2.745715856552124,
      "learning_rate": 1.339862361037586e-05,
      "loss": 6.5295,
      "step": 1248
    },
    {
      "epoch": 0.6650781043155943,
      "grad_norm": 3.957791566848755,
      "learning_rate": 1.3356273160402332e-05,
      "loss": 6.596,
      "step": 1256
    },
    {
      "epoch": 0.6693142705851205,
      "grad_norm": 4.137095928192139,
      "learning_rate": 1.33139227104288e-05,
      "loss": 6.3973,
      "step": 1264
    },
    {
      "epoch": 0.6735504368546466,
      "grad_norm": 3.354160785675049,
      "learning_rate": 1.3271572260455267e-05,
      "loss": 6.2564,
      "step": 1272
    },
    {
      "epoch": 0.6777866031241726,
      "grad_norm": 3.035047769546509,
      "learning_rate": 1.3229221810481739e-05,
      "loss": 6.2904,
      "step": 1280
    },
    {
      "epoch": 0.6820227693936987,
      "grad_norm": 3.0945751667022705,
      "learning_rate": 1.3186871360508206e-05,
      "loss": 6.4214,
      "step": 1288
    },
    {
      "epoch": 0.6862589356632248,
      "grad_norm": 3.063084840774536,
      "learning_rate": 1.3144520910534674e-05,
      "loss": 6.4461,
      "step": 1296
    },
    {
      "epoch": 0.6904951019327509,
      "grad_norm": 2.870469570159912,
      "learning_rate": 1.3102170460561145e-05,
      "loss": 6.4132,
      "step": 1304
    },
    {
      "epoch": 0.6947312682022769,
      "grad_norm": 3.9103469848632812,
      "learning_rate": 1.3059820010587613e-05,
      "loss": 6.48,
      "step": 1312
    },
    {
      "epoch": 0.698967434471803,
      "grad_norm": 2.6684319972991943,
      "learning_rate": 1.3017469560614083e-05,
      "loss": 6.3705,
      "step": 1320
    },
    {
      "epoch": 0.7032036007413291,
      "grad_norm": 3.613501787185669,
      "learning_rate": 1.297511911064055e-05,
      "loss": 6.3272,
      "step": 1328
    },
    {
      "epoch": 0.7074397670108552,
      "grad_norm": 3.547774076461792,
      "learning_rate": 1.2932768660667022e-05,
      "loss": 6.4034,
      "step": 1336
    },
    {
      "epoch": 0.7116759332803813,
      "grad_norm": 3.91987943649292,
      "learning_rate": 1.289041821069349e-05,
      "loss": 6.3342,
      "step": 1344
    },
    {
      "epoch": 0.7159120995499073,
      "grad_norm": 2.9449944496154785,
      "learning_rate": 1.2848067760719957e-05,
      "loss": 6.2816,
      "step": 1352
    },
    {
      "epoch": 0.7201482658194334,
      "grad_norm": 3.3424906730651855,
      "learning_rate": 1.2805717310746429e-05,
      "loss": 6.4302,
      "step": 1360
    },
    {
      "epoch": 0.7243844320889595,
      "grad_norm": 2.3573639392852783,
      "learning_rate": 1.2763366860772897e-05,
      "loss": 6.327,
      "step": 1368
    },
    {
      "epoch": 0.7286205983584856,
      "grad_norm": 3.849461078643799,
      "learning_rate": 1.2721016410799364e-05,
      "loss": 6.4135,
      "step": 1376
    },
    {
      "epoch": 0.7328567646280116,
      "grad_norm": 2.7904388904571533,
      "learning_rate": 1.2678665960825836e-05,
      "loss": 6.2564,
      "step": 1384
    },
    {
      "epoch": 0.7370929308975377,
      "grad_norm": 3.486715078353882,
      "learning_rate": 1.2636315510852303e-05,
      "loss": 6.2529,
      "step": 1392
    },
    {
      "epoch": 0.7413290971670639,
      "grad_norm": 3.2655844688415527,
      "learning_rate": 1.2593965060878773e-05,
      "loss": 6.3678,
      "step": 1400
    },
    {
      "epoch": 0.7455652634365899,
      "grad_norm": 2.9859230518341064,
      "learning_rate": 1.2551614610905242e-05,
      "loss": 6.2603,
      "step": 1408
    },
    {
      "epoch": 0.749801429706116,
      "grad_norm": 3.504789113998413,
      "learning_rate": 1.2509264160931712e-05,
      "loss": 6.3159,
      "step": 1416
    },
    {
      "epoch": 0.754037595975642,
      "grad_norm": 3.4874203205108643,
      "learning_rate": 1.246691371095818e-05,
      "loss": 6.1896,
      "step": 1424
    },
    {
      "epoch": 0.7582737622451681,
      "grad_norm": 3.316628932952881,
      "learning_rate": 1.242456326098465e-05,
      "loss": 6.3586,
      "step": 1432
    },
    {
      "epoch": 0.7625099285146942,
      "grad_norm": 4.628423690795898,
      "learning_rate": 1.2382212811011119e-05,
      "loss": 6.2778,
      "step": 1440
    },
    {
      "epoch": 0.7667460947842203,
      "grad_norm": 3.558180809020996,
      "learning_rate": 1.2339862361037587e-05,
      "loss": 6.2473,
      "step": 1448
    },
    {
      "epoch": 0.7709822610537463,
      "grad_norm": 2.6248583793640137,
      "learning_rate": 1.2297511911064054e-05,
      "loss": 6.3639,
      "step": 1456
    },
    {
      "epoch": 0.7752184273232724,
      "grad_norm": 2.9148685932159424,
      "learning_rate": 1.2255161461090526e-05,
      "loss": 6.3307,
      "step": 1464
    },
    {
      "epoch": 0.7794545935927986,
      "grad_norm": 2.8037211894989014,
      "learning_rate": 1.2212811011116993e-05,
      "loss": 6.3507,
      "step": 1472
    },
    {
      "epoch": 0.7836907598623246,
      "grad_norm": 4.372831344604492,
      "learning_rate": 1.2170460561143463e-05,
      "loss": 6.3777,
      "step": 1480
    },
    {
      "epoch": 0.7879269261318507,
      "grad_norm": 3.2478036880493164,
      "learning_rate": 1.2128110111169933e-05,
      "loss": 6.1852,
      "step": 1488
    },
    {
      "epoch": 0.7921630924013767,
      "grad_norm": 2.753970146179199,
      "learning_rate": 1.2085759661196402e-05,
      "loss": 6.3792,
      "step": 1496
    },
    {
      "epoch": 0.7963992586709029,
      "grad_norm": 3.751220464706421,
      "learning_rate": 1.204340921122287e-05,
      "loss": 6.1778,
      "step": 1504
    },
    {
      "epoch": 0.8006354249404289,
      "grad_norm": 3.2455551624298096,
      "learning_rate": 1.200105876124934e-05,
      "loss": 6.358,
      "step": 1512
    },
    {
      "epoch": 0.804871591209955,
      "grad_norm": 3.718661308288574,
      "learning_rate": 1.1958708311275809e-05,
      "loss": 6.1905,
      "step": 1520
    },
    {
      "epoch": 0.809107757479481,
      "grad_norm": 2.989912509918213,
      "learning_rate": 1.1916357861302277e-05,
      "loss": 6.4575,
      "step": 1528
    },
    {
      "epoch": 0.8133439237490071,
      "grad_norm": 3.7297401428222656,
      "learning_rate": 1.1874007411328748e-05,
      "loss": 6.3071,
      "step": 1536
    },
    {
      "epoch": 0.8175800900185333,
      "grad_norm": 3.0384607315063477,
      "learning_rate": 1.1831656961355216e-05,
      "loss": 6.3064,
      "step": 1544
    },
    {
      "epoch": 0.8218162562880593,
      "grad_norm": 3.451894521713257,
      "learning_rate": 1.1789306511381684e-05,
      "loss": 6.2615,
      "step": 1552
    },
    {
      "epoch": 0.8260524225575854,
      "grad_norm": 3.698941230773926,
      "learning_rate": 1.1746956061408153e-05,
      "loss": 6.2348,
      "step": 1560
    },
    {
      "epoch": 0.8302885888271114,
      "grad_norm": 3.585423231124878,
      "learning_rate": 1.1704605611434623e-05,
      "loss": 6.3023,
      "step": 1568
    },
    {
      "epoch": 0.8345247550966376,
      "grad_norm": 3.4833974838256836,
      "learning_rate": 1.166225516146109e-05,
      "loss": 6.1949,
      "step": 1576
    },
    {
      "epoch": 0.8387609213661636,
      "grad_norm": 2.9969379901885986,
      "learning_rate": 1.161990471148756e-05,
      "loss": 6.1149,
      "step": 1584
    },
    {
      "epoch": 0.8429970876356897,
      "grad_norm": 3.127285957336426,
      "learning_rate": 1.157755426151403e-05,
      "loss": 6.2957,
      "step": 1592
    },
    {
      "epoch": 0.8472332539052158,
      "grad_norm": 3.224930763244629,
      "learning_rate": 1.1535203811540499e-05,
      "loss": 6.3658,
      "step": 1600
    },
    {
      "epoch": 0.8514694201747418,
      "grad_norm": 3.0812809467315674,
      "learning_rate": 1.1492853361566967e-05,
      "loss": 6.3396,
      "step": 1608
    },
    {
      "epoch": 0.855705586444268,
      "grad_norm": 3.703200101852417,
      "learning_rate": 1.1450502911593438e-05,
      "loss": 6.1328,
      "step": 1616
    },
    {
      "epoch": 0.859941752713794,
      "grad_norm": 3.1810715198516846,
      "learning_rate": 1.1408152461619906e-05,
      "loss": 6.2197,
      "step": 1624
    },
    {
      "epoch": 0.8641779189833201,
      "grad_norm": 4.176526069641113,
      "learning_rate": 1.1365802011646374e-05,
      "loss": 6.2941,
      "step": 1632
    },
    {
      "epoch": 0.8684140852528461,
      "grad_norm": 5.210799694061279,
      "learning_rate": 1.1323451561672845e-05,
      "loss": 6.3631,
      "step": 1640
    },
    {
      "epoch": 0.8726502515223723,
      "grad_norm": 2.9537806510925293,
      "learning_rate": 1.1281101111699313e-05,
      "loss": 6.461,
      "step": 1648
    },
    {
      "epoch": 0.8768864177918984,
      "grad_norm": 3.6538639068603516,
      "learning_rate": 1.123875066172578e-05,
      "loss": 6.2557,
      "step": 1656
    },
    {
      "epoch": 0.8811225840614244,
      "grad_norm": 3.368138313293457,
      "learning_rate": 1.1196400211752252e-05,
      "loss": 6.2411,
      "step": 1664
    },
    {
      "epoch": 0.8853587503309505,
      "grad_norm": 3.2371392250061035,
      "learning_rate": 1.115404976177872e-05,
      "loss": 6.1286,
      "step": 1672
    },
    {
      "epoch": 0.8895949166004765,
      "grad_norm": 3.338559627532959,
      "learning_rate": 1.1111699311805189e-05,
      "loss": 6.2716,
      "step": 1680
    },
    {
      "epoch": 0.8938310828700027,
      "grad_norm": 3.2432899475097656,
      "learning_rate": 1.1069348861831657e-05,
      "loss": 6.2957,
      "step": 1688
    },
    {
      "epoch": 0.8980672491395287,
      "grad_norm": 3.2358903884887695,
      "learning_rate": 1.1026998411858128e-05,
      "loss": 6.2552,
      "step": 1696
    },
    {
      "epoch": 0.9023034154090548,
      "grad_norm": 3.87423038482666,
      "learning_rate": 1.0984647961884596e-05,
      "loss": 6.1931,
      "step": 1704
    },
    {
      "epoch": 0.9065395816785808,
      "grad_norm": 3.9978108406066895,
      "learning_rate": 1.0942297511911064e-05,
      "loss": 6.1951,
      "step": 1712
    },
    {
      "epoch": 0.910775747948107,
      "grad_norm": 3.6127266883850098,
      "learning_rate": 1.0899947061937535e-05,
      "loss": 6.3588,
      "step": 1720
    },
    {
      "epoch": 0.9150119142176331,
      "grad_norm": 5.065952777862549,
      "learning_rate": 1.0857596611964003e-05,
      "loss": 6.2599,
      "step": 1728
    },
    {
      "epoch": 0.9192480804871591,
      "grad_norm": 4.316512584686279,
      "learning_rate": 1.081524616199047e-05,
      "loss": 6.2297,
      "step": 1736
    },
    {
      "epoch": 0.9234842467566852,
      "grad_norm": 3.5310142040252686,
      "learning_rate": 1.0772895712016942e-05,
      "loss": 6.2847,
      "step": 1744
    },
    {
      "epoch": 0.9277204130262113,
      "grad_norm": 3.4484641551971436,
      "learning_rate": 1.073054526204341e-05,
      "loss": 6.0894,
      "step": 1752
    },
    {
      "epoch": 0.9319565792957374,
      "grad_norm": 2.895754098892212,
      "learning_rate": 1.068819481206988e-05,
      "loss": 6.2013,
      "step": 1760
    },
    {
      "epoch": 0.9361927455652634,
      "grad_norm": 4.518451690673828,
      "learning_rate": 1.0645844362096349e-05,
      "loss": 6.1898,
      "step": 1768
    },
    {
      "epoch": 0.9404289118347895,
      "grad_norm": 3.3003194332122803,
      "learning_rate": 1.0603493912122818e-05,
      "loss": 6.1545,
      "step": 1776
    },
    {
      "epoch": 0.9446650781043155,
      "grad_norm": 4.778694152832031,
      "learning_rate": 1.0561143462149286e-05,
      "loss": 6.2863,
      "step": 1784
    },
    {
      "epoch": 0.9489012443738417,
      "grad_norm": 3.8397626876831055,
      "learning_rate": 1.0518793012175754e-05,
      "loss": 6.1461,
      "step": 1792
    },
    {
      "epoch": 0.9531374106433678,
      "grad_norm": 4.023582458496094,
      "learning_rate": 1.0476442562202225e-05,
      "loss": 6.2258,
      "step": 1800
    },
    {
      "epoch": 0.9573735769128938,
      "grad_norm": 3.5066561698913574,
      "learning_rate": 1.0434092112228693e-05,
      "loss": 5.9577,
      "step": 1808
    },
    {
      "epoch": 0.9616097431824199,
      "grad_norm": 4.318253993988037,
      "learning_rate": 1.039174166225516e-05,
      "loss": 6.18,
      "step": 1816
    },
    {
      "epoch": 0.965845909451946,
      "grad_norm": 3.432929515838623,
      "learning_rate": 1.0349391212281632e-05,
      "loss": 6.1978,
      "step": 1824
    },
    {
      "epoch": 0.9700820757214721,
      "grad_norm": 3.4569814205169678,
      "learning_rate": 1.03070407623081e-05,
      "loss": 6.1601,
      "step": 1832
    },
    {
      "epoch": 0.9743182419909981,
      "grad_norm": 3.4707398414611816,
      "learning_rate": 1.026469031233457e-05,
      "loss": 6.1799,
      "step": 1840
    },
    {
      "epoch": 0.9785544082605242,
      "grad_norm": 3.3645145893096924,
      "learning_rate": 1.0222339862361039e-05,
      "loss": 6.1648,
      "step": 1848
    },
    {
      "epoch": 0.9827905745300503,
      "grad_norm": 4.140463352203369,
      "learning_rate": 1.0179989412387508e-05,
      "loss": 6.1995,
      "step": 1856
    },
    {
      "epoch": 0.9870267407995764,
      "grad_norm": 5.483588218688965,
      "learning_rate": 1.0137638962413976e-05,
      "loss": 6.2166,
      "step": 1864
    },
    {
      "epoch": 0.9912629070691025,
      "grad_norm": 5.140540599822998,
      "learning_rate": 1.0095288512440446e-05,
      "loss": 6.1254,
      "step": 1872
    },
    {
      "epoch": 0.9954990733386285,
      "grad_norm": 3.788877010345459,
      "learning_rate": 1.0052938062466915e-05,
      "loss": 6.1521,
      "step": 1880
    },
    {
      "epoch": 0.9997352396081546,
      "grad_norm": 3.2980618476867676,
      "learning_rate": 1.0010587612493383e-05,
      "loss": 6.1668,
      "step": 1888
    },
    {
      "accuracy": 0.1031875,
      "epoch": 1.0,
      "eval_loss": 5.945981449127197,
      "eval_runtime": 26.8607,
      "eval_samples_per_second": 18.615,
      "eval_steps_per_second": 9.307,
      "f1": 0.049916425270872526,
      "precision": 0.04265329684043951,
      "recall": 0.1031875,
      "step": 1889
    },
    {
      "epoch": 1.0037066454858352,
      "grad_norm": 3.607624053955078,
      "learning_rate": 9.968237162519853e-06,
      "loss": 5.7175,
      "step": 1896
    },
    {
      "epoch": 1.0079428117553615,
      "grad_norm": 3.7836740016937256,
      "learning_rate": 9.925886712546322e-06,
      "loss": 6.2738,
      "step": 1904
    },
    {
      "epoch": 1.0121789780248875,
      "grad_norm": 4.74556827545166,
      "learning_rate": 9.88353626257279e-06,
      "loss": 6.2495,
      "step": 1912
    },
    {
      "epoch": 1.0164151442944136,
      "grad_norm": 4.482935905456543,
      "learning_rate": 9.84118581259926e-06,
      "loss": 6.0298,
      "step": 1920
    },
    {
      "epoch": 1.0206513105639397,
      "grad_norm": 4.76085901260376,
      "learning_rate": 9.798835362625729e-06,
      "loss": 6.2658,
      "step": 1928
    },
    {
      "epoch": 1.0248874768334657,
      "grad_norm": 3.0840396881103516,
      "learning_rate": 9.756484912652198e-06,
      "loss": 6.1105,
      "step": 1936
    },
    {
      "epoch": 1.0291236431029918,
      "grad_norm": 3.8324172496795654,
      "learning_rate": 9.714134462678668e-06,
      "loss": 6.1031,
      "step": 1944
    },
    {
      "epoch": 1.0333598093725178,
      "grad_norm": 4.4395928382873535,
      "learning_rate": 9.671784012705136e-06,
      "loss": 6.2066,
      "step": 1952
    },
    {
      "epoch": 1.0375959756420439,
      "grad_norm": 3.8729498386383057,
      "learning_rate": 9.629433562731605e-06,
      "loss": 6.0929,
      "step": 1960
    },
    {
      "epoch": 1.04183214191157,
      "grad_norm": 4.495858192443848,
      "learning_rate": 9.587083112758075e-06,
      "loss": 6.1302,
      "step": 1968
    },
    {
      "epoch": 1.0460683081810962,
      "grad_norm": 3.0455236434936523,
      "learning_rate": 9.544732662784543e-06,
      "loss": 6.0812,
      "step": 1976
    },
    {
      "epoch": 1.0503044744506222,
      "grad_norm": 4.872348785400391,
      "learning_rate": 9.502382212811012e-06,
      "loss": 6.0095,
      "step": 1984
    },
    {
      "epoch": 1.0545406407201483,
      "grad_norm": 4.167460918426514,
      "learning_rate": 9.46003176283748e-06,
      "loss": 6.0782,
      "step": 1992
    },
    {
      "epoch": 1.0587768069896744,
      "grad_norm": 3.8632144927978516,
      "learning_rate": 9.41768131286395e-06,
      "loss": 6.1878,
      "step": 2000
    },
    {
      "epoch": 1.0630129732592004,
      "grad_norm": 3.8678412437438965,
      "learning_rate": 9.375330862890419e-06,
      "loss": 6.2153,
      "step": 2008
    },
    {
      "epoch": 1.0672491395287265,
      "grad_norm": 3.2444663047790527,
      "learning_rate": 9.332980412916889e-06,
      "loss": 6.2549,
      "step": 2016
    },
    {
      "epoch": 1.0714853057982525,
      "grad_norm": 4.055531024932861,
      "learning_rate": 9.290629962943356e-06,
      "loss": 6.082,
      "step": 2024
    },
    {
      "epoch": 1.0757214720677786,
      "grad_norm": 4.399013042449951,
      "learning_rate": 9.248279512969826e-06,
      "loss": 6.1684,
      "step": 2032
    },
    {
      "epoch": 1.0799576383373046,
      "grad_norm": 5.312140941619873,
      "learning_rate": 9.205929062996295e-06,
      "loss": 6.1982,
      "step": 2040
    },
    {
      "epoch": 1.084193804606831,
      "grad_norm": 3.911710262298584,
      "learning_rate": 9.163578613022765e-06,
      "loss": 6.0439,
      "step": 2048
    },
    {
      "epoch": 1.088429970876357,
      "grad_norm": 3.594794273376465,
      "learning_rate": 9.121228163049233e-06,
      "loss": 6.091,
      "step": 2056
    },
    {
      "epoch": 1.092666137145883,
      "grad_norm": 3.346670627593994,
      "learning_rate": 9.078877713075702e-06,
      "loss": 6.0746,
      "step": 2064
    },
    {
      "epoch": 1.096902303415409,
      "grad_norm": 4.610989093780518,
      "learning_rate": 9.036527263102172e-06,
      "loss": 6.1543,
      "step": 2072
    },
    {
      "epoch": 1.1011384696849351,
      "grad_norm": 3.6526334285736084,
      "learning_rate": 8.99417681312864e-06,
      "loss": 6.093,
      "step": 2080
    },
    {
      "epoch": 1.1053746359544612,
      "grad_norm": 3.870070457458496,
      "learning_rate": 8.951826363155109e-06,
      "loss": 6.0137,
      "step": 2088
    },
    {
      "epoch": 1.1096108022239872,
      "grad_norm": 4.279348850250244,
      "learning_rate": 8.909475913181577e-06,
      "loss": 6.0864,
      "step": 2096
    },
    {
      "epoch": 1.1138469684935133,
      "grad_norm": 4.797610282897949,
      "learning_rate": 8.867125463208046e-06,
      "loss": 6.057,
      "step": 2104
    },
    {
      "epoch": 1.1180831347630393,
      "grad_norm": 3.4275200366973877,
      "learning_rate": 8.824775013234516e-06,
      "loss": 6.1152,
      "step": 2112
    },
    {
      "epoch": 1.1223193010325656,
      "grad_norm": 3.1207711696624756,
      "learning_rate": 8.782424563260985e-06,
      "loss": 6.0765,
      "step": 2120
    },
    {
      "epoch": 1.1265554673020917,
      "grad_norm": 3.442054510116577,
      "learning_rate": 8.740074113287455e-06,
      "loss": 6.1794,
      "step": 2128
    },
    {
      "epoch": 1.1307916335716177,
      "grad_norm": 3.2129969596862793,
      "learning_rate": 8.697723663313925e-06,
      "loss": 6.1832,
      "step": 2136
    },
    {
      "epoch": 1.1350277998411438,
      "grad_norm": 3.9514057636260986,
      "learning_rate": 8.655373213340392e-06,
      "loss": 6.1644,
      "step": 2144
    },
    {
      "epoch": 1.1392639661106698,
      "grad_norm": 5.037280082702637,
      "learning_rate": 8.613022763366862e-06,
      "loss": 6.1311,
      "step": 2152
    },
    {
      "epoch": 1.1435001323801959,
      "grad_norm": 3.3674604892730713,
      "learning_rate": 8.57067231339333e-06,
      "loss": 6.0857,
      "step": 2160
    },
    {
      "epoch": 1.147736298649722,
      "grad_norm": 6.340116500854492,
      "learning_rate": 8.5283218634198e-06,
      "loss": 6.0697,
      "step": 2168
    },
    {
      "epoch": 1.151972464919248,
      "grad_norm": 3.670414447784424,
      "learning_rate": 8.485971413446269e-06,
      "loss": 5.9717,
      "step": 2176
    },
    {
      "epoch": 1.156208631188774,
      "grad_norm": 3.3999276161193848,
      "learning_rate": 8.443620963472737e-06,
      "loss": 6.0763,
      "step": 2184
    },
    {
      "epoch": 1.1604447974583003,
      "grad_norm": 3.8988354206085205,
      "learning_rate": 8.401270513499206e-06,
      "loss": 6.0165,
      "step": 2192
    },
    {
      "epoch": 1.1646809637278264,
      "grad_norm": 4.905464172363281,
      "learning_rate": 8.358920063525676e-06,
      "loss": 5.9759,
      "step": 2200
    },
    {
      "epoch": 1.1689171299973524,
      "grad_norm": 3.163045883178711,
      "learning_rate": 8.316569613552145e-06,
      "loss": 6.1209,
      "step": 2208
    },
    {
      "epoch": 1.1731532962668785,
      "grad_norm": 4.87623929977417,
      "learning_rate": 8.274219163578615e-06,
      "loss": 6.0883,
      "step": 2216
    },
    {
      "epoch": 1.1773894625364045,
      "grad_norm": 3.551414728164673,
      "learning_rate": 8.231868713605082e-06,
      "loss": 6.122,
      "step": 2224
    },
    {
      "epoch": 1.1816256288059306,
      "grad_norm": 4.9134521484375,
      "learning_rate": 8.189518263631552e-06,
      "loss": 6.2625,
      "step": 2232
    },
    {
      "epoch": 1.1858617950754566,
      "grad_norm": 4.009159088134766,
      "learning_rate": 8.147167813658021e-06,
      "loss": 6.1377,
      "step": 2240
    },
    {
      "epoch": 1.190097961344983,
      "grad_norm": 3.3239798545837402,
      "learning_rate": 8.10481736368449e-06,
      "loss": 6.0559,
      "step": 2248
    },
    {
      "epoch": 1.1943341276145087,
      "grad_norm": 4.991210460662842,
      "learning_rate": 8.062466913710959e-06,
      "loss": 6.106,
      "step": 2256
    },
    {
      "epoch": 1.198570293884035,
      "grad_norm": 4.3293657302856445,
      "learning_rate": 8.020116463737427e-06,
      "loss": 6.1392,
      "step": 2264
    },
    {
      "epoch": 1.202806460153561,
      "grad_norm": 2.897367238998413,
      "learning_rate": 7.977766013763896e-06,
      "loss": 6.0267,
      "step": 2272
    },
    {
      "epoch": 1.2070426264230871,
      "grad_norm": 3.6714019775390625,
      "learning_rate": 7.935415563790366e-06,
      "loss": 6.1544,
      "step": 2280
    },
    {
      "epoch": 1.2112787926926132,
      "grad_norm": 3.68316388130188,
      "learning_rate": 7.893065113816835e-06,
      "loss": 6.243,
      "step": 2288
    },
    {
      "epoch": 1.2155149589621392,
      "grad_norm": 4.079105377197266,
      "learning_rate": 7.850714663843305e-06,
      "loss": 6.0849,
      "step": 2296
    },
    {
      "epoch": 1.2197511252316653,
      "grad_norm": 3.8919990062713623,
      "learning_rate": 7.808364213869774e-06,
      "loss": 6.0726,
      "step": 2304
    },
    {
      "epoch": 1.2239872915011913,
      "grad_norm": 6.200462341308594,
      "learning_rate": 7.766013763896242e-06,
      "loss": 5.9698,
      "step": 2312
    },
    {
      "epoch": 1.2282234577707176,
      "grad_norm": 3.237600564956665,
      "learning_rate": 7.723663313922712e-06,
      "loss": 5.9751,
      "step": 2320
    },
    {
      "epoch": 1.2324596240402437,
      "grad_norm": 3.8598015308380127,
      "learning_rate": 7.68131286394918e-06,
      "loss": 6.19,
      "step": 2328
    },
    {
      "epoch": 1.2366957903097697,
      "grad_norm": 3.2046573162078857,
      "learning_rate": 7.638962413975649e-06,
      "loss": 5.9578,
      "step": 2336
    },
    {
      "epoch": 1.2409319565792958,
      "grad_norm": 4.92771577835083,
      "learning_rate": 7.5966119640021185e-06,
      "loss": 6.0869,
      "step": 2344
    },
    {
      "epoch": 1.2451681228488218,
      "grad_norm": 4.098306179046631,
      "learning_rate": 7.554261514028587e-06,
      "loss": 6.0712,
      "step": 2352
    },
    {
      "epoch": 1.2494042891183479,
      "grad_norm": 4.209334850311279,
      "learning_rate": 7.511911064055057e-06,
      "loss": 6.0755,
      "step": 2360
    },
    {
      "epoch": 1.253640455387874,
      "grad_norm": 3.9164273738861084,
      "learning_rate": 7.469560614081526e-06,
      "loss": 6.0111,
      "step": 2368
    },
    {
      "epoch": 1.2578766216574,
      "grad_norm": 3.7303829193115234,
      "learning_rate": 7.427210164107994e-06,
      "loss": 6.2091,
      "step": 2376
    },
    {
      "epoch": 1.262112787926926,
      "grad_norm": 4.494184494018555,
      "learning_rate": 7.3848597141344635e-06,
      "loss": 6.04,
      "step": 2384
    },
    {
      "epoch": 1.2663489541964523,
      "grad_norm": 4.069836139678955,
      "learning_rate": 7.342509264160932e-06,
      "loss": 6.0247,
      "step": 2392
    },
    {
      "epoch": 1.2705851204659782,
      "grad_norm": 4.807217597961426,
      "learning_rate": 7.300158814187402e-06,
      "loss": 6.1407,
      "step": 2400
    },
    {
      "epoch": 1.2748212867355044,
      "grad_norm": 3.78822660446167,
      "learning_rate": 7.257808364213871e-06,
      "loss": 6.0902,
      "step": 2408
    },
    {
      "epoch": 1.2790574530050305,
      "grad_norm": 3.545034170150757,
      "learning_rate": 7.215457914240339e-06,
      "loss": 5.9195,
      "step": 2416
    },
    {
      "epoch": 1.2832936192745565,
      "grad_norm": 4.57643461227417,
      "learning_rate": 7.1731074642668086e-06,
      "loss": 6.0766,
      "step": 2424
    },
    {
      "epoch": 1.2875297855440826,
      "grad_norm": 4.440260887145996,
      "learning_rate": 7.130757014293277e-06,
      "loss": 6.0529,
      "step": 2432
    },
    {
      "epoch": 1.2917659518136086,
      "grad_norm": 4.5614728927612305,
      "learning_rate": 7.088406564319747e-06,
      "loss": 6.0564,
      "step": 2440
    },
    {
      "epoch": 1.2960021180831347,
      "grad_norm": 3.577138662338257,
      "learning_rate": 7.046056114346215e-06,
      "loss": 6.1597,
      "step": 2448
    },
    {
      "epoch": 1.3002382843526608,
      "grad_norm": 3.349353313446045,
      "learning_rate": 7.003705664372684e-06,
      "loss": 6.2657,
      "step": 2456
    },
    {
      "epoch": 1.304474450622187,
      "grad_norm": 3.9445297718048096,
      "learning_rate": 6.961355214399154e-06,
      "loss": 6.0956,
      "step": 2464
    },
    {
      "epoch": 1.3087106168917129,
      "grad_norm": 3.880316972732544,
      "learning_rate": 6.919004764425623e-06,
      "loss": 6.045,
      "step": 2472
    },
    {
      "epoch": 1.3129467831612391,
      "grad_norm": 3.3693881034851074,
      "learning_rate": 6.876654314452092e-06,
      "loss": 6.0431,
      "step": 2480
    },
    {
      "epoch": 1.3171829494307652,
      "grad_norm": 4.677159786224365,
      "learning_rate": 6.8343038644785605e-06,
      "loss": 6.0219,
      "step": 2488
    },
    {
      "epoch": 1.3214191157002912,
      "grad_norm": 3.1286823749542236,
      "learning_rate": 6.791953414505029e-06,
      "loss": 5.9775,
      "step": 2496
    },
    {
      "epoch": 1.3256552819698173,
      "grad_norm": 3.88275146484375,
      "learning_rate": 6.749602964531499e-06,
      "loss": 6.0154,
      "step": 2504
    },
    {
      "epoch": 1.3298914482393434,
      "grad_norm": 4.366314888000488,
      "learning_rate": 6.707252514557968e-06,
      "loss": 6.0244,
      "step": 2512
    },
    {
      "epoch": 1.3341276145088694,
      "grad_norm": 3.423757314682007,
      "learning_rate": 6.664902064584437e-06,
      "loss": 6.0375,
      "step": 2520
    },
    {
      "epoch": 1.3383637807783955,
      "grad_norm": 4.1098127365112305,
      "learning_rate": 6.6225516146109055e-06,
      "loss": 6.0265,
      "step": 2528
    },
    {
      "epoch": 1.3425999470479217,
      "grad_norm": 3.2969233989715576,
      "learning_rate": 6.580201164637375e-06,
      "loss": 5.8345,
      "step": 2536
    },
    {
      "epoch": 1.3468361133174478,
      "grad_norm": 3.452460765838623,
      "learning_rate": 6.537850714663844e-06,
      "loss": 6.0293,
      "step": 2544
    },
    {
      "epoch": 1.3510722795869738,
      "grad_norm": 4.069602012634277,
      "learning_rate": 6.495500264690313e-06,
      "loss": 6.0457,
      "step": 2552
    },
    {
      "epoch": 1.3553084458565,
      "grad_norm": 3.210801362991333,
      "learning_rate": 6.453149814716782e-06,
      "loss": 5.9145,
      "step": 2560
    },
    {
      "epoch": 1.359544612126026,
      "grad_norm": 6.446609973907471,
      "learning_rate": 6.4107993647432506e-06,
      "loss": 6.1175,
      "step": 2568
    },
    {
      "epoch": 1.363780778395552,
      "grad_norm": 3.6303439140319824,
      "learning_rate": 6.36844891476972e-06,
      "loss": 5.9989,
      "step": 2576
    },
    {
      "epoch": 1.368016944665078,
      "grad_norm": 3.588688373565674,
      "learning_rate": 6.326098464796189e-06,
      "loss": 6.0165,
      "step": 2584
    },
    {
      "epoch": 1.3722531109346041,
      "grad_norm": 5.447965621948242,
      "learning_rate": 6.283748014822658e-06,
      "loss": 6.0614,
      "step": 2592
    },
    {
      "epoch": 1.3764892772041302,
      "grad_norm": 3.6377575397491455,
      "learning_rate": 6.241397564849126e-06,
      "loss": 6.1309,
      "step": 2600
    },
    {
      "epoch": 1.3807254434736564,
      "grad_norm": 3.7847604751586914,
      "learning_rate": 6.199047114875596e-06,
      "loss": 6.2008,
      "step": 2608
    },
    {
      "epoch": 1.3849616097431825,
      "grad_norm": 3.696107864379883,
      "learning_rate": 6.156696664902065e-06,
      "loss": 6.0275,
      "step": 2616
    },
    {
      "epoch": 1.3891977760127086,
      "grad_norm": 4.622101306915283,
      "learning_rate": 6.114346214928534e-06,
      "loss": 6.019,
      "step": 2624
    },
    {
      "epoch": 1.3934339422822346,
      "grad_norm": 3.7727291584014893,
      "learning_rate": 6.071995764955003e-06,
      "loss": 6.0208,
      "step": 2632
    },
    {
      "epoch": 1.3976701085517607,
      "grad_norm": 3.1708195209503174,
      "learning_rate": 6.029645314981473e-06,
      "loss": 5.9821,
      "step": 2640
    },
    {
      "epoch": 1.4019062748212867,
      "grad_norm": 4.090114593505859,
      "learning_rate": 5.987294865007941e-06,
      "loss": 6.0815,
      "step": 2648
    },
    {
      "epoch": 1.4061424410908128,
      "grad_norm": 5.782439708709717,
      "learning_rate": 5.94494441503441e-06,
      "loss": 5.918,
      "step": 2656
    },
    {
      "epoch": 1.4103786073603388,
      "grad_norm": 4.287838459014893,
      "learning_rate": 5.902593965060879e-06,
      "loss": 6.0633,
      "step": 2664
    },
    {
      "epoch": 1.4146147736298649,
      "grad_norm": 3.6266326904296875,
      "learning_rate": 5.860243515087348e-06,
      "loss": 6.003,
      "step": 2672
    },
    {
      "epoch": 1.4188509398993912,
      "grad_norm": 4.030980110168457,
      "learning_rate": 5.817893065113818e-06,
      "loss": 5.9115,
      "step": 2680
    },
    {
      "epoch": 1.4230871061689172,
      "grad_norm": 4.2603759765625,
      "learning_rate": 5.775542615140286e-06,
      "loss": 5.9947,
      "step": 2688
    },
    {
      "epoch": 1.4273232724384433,
      "grad_norm": 4.491711616516113,
      "learning_rate": 5.733192165166755e-06,
      "loss": 6.1368,
      "step": 2696
    },
    {
      "epoch": 1.4315594387079693,
      "grad_norm": 4.532260894775391,
      "learning_rate": 5.690841715193225e-06,
      "loss": 6.0596,
      "step": 2704
    },
    {
      "epoch": 1.4357956049774954,
      "grad_norm": 6.170538425445557,
      "learning_rate": 5.6484912652196934e-06,
      "loss": 5.9427,
      "step": 2712
    },
    {
      "epoch": 1.4400317712470214,
      "grad_norm": 4.359569549560547,
      "learning_rate": 5.606140815246163e-06,
      "loss": 5.9697,
      "step": 2720
    },
    {
      "epoch": 1.4442679375165475,
      "grad_norm": 3.1746819019317627,
      "learning_rate": 5.563790365272631e-06,
      "loss": 6.0864,
      "step": 2728
    },
    {
      "epoch": 1.4485041037860735,
      "grad_norm": 3.8897500038146973,
      "learning_rate": 5.5214399152991e-06,
      "loss": 6.0478,
      "step": 2736
    },
    {
      "epoch": 1.4527402700555996,
      "grad_norm": 4.626109600067139,
      "learning_rate": 5.47908946532557e-06,
      "loss": 6.1288,
      "step": 2744
    },
    {
      "epoch": 1.4569764363251259,
      "grad_norm": 3.9615399837493896,
      "learning_rate": 5.4367390153520385e-06,
      "loss": 5.9403,
      "step": 2752
    },
    {
      "epoch": 1.461212602594652,
      "grad_norm": 4.096565246582031,
      "learning_rate": 5.394388565378508e-06,
      "loss": 5.9701,
      "step": 2760
    },
    {
      "epoch": 1.465448768864178,
      "grad_norm": 4.052679538726807,
      "learning_rate": 5.352038115404976e-06,
      "loss": 5.9485,
      "step": 2768
    },
    {
      "epoch": 1.469684935133704,
      "grad_norm": 3.650163173675537,
      "learning_rate": 5.309687665431445e-06,
      "loss": 6.179,
      "step": 2776
    },
    {
      "epoch": 1.47392110140323,
      "grad_norm": 3.8420841693878174,
      "learning_rate": 5.267337215457915e-06,
      "loss": 5.9826,
      "step": 2784
    },
    {
      "epoch": 1.4781572676727561,
      "grad_norm": 4.35562801361084,
      "learning_rate": 5.2249867654843835e-06,
      "loss": 6.0924,
      "step": 2792
    },
    {
      "epoch": 1.4823934339422822,
      "grad_norm": 4.072795391082764,
      "learning_rate": 5.182636315510853e-06,
      "loss": 5.9991,
      "step": 2800
    },
    {
      "epoch": 1.4866296002118082,
      "grad_norm": 4.0603132247924805,
      "learning_rate": 5.1402858655373226e-06,
      "loss": 6.0254,
      "step": 2808
    },
    {
      "epoch": 1.4908657664813343,
      "grad_norm": 3.574147939682007,
      "learning_rate": 5.09793541556379e-06,
      "loss": 5.7432,
      "step": 2816
    },
    {
      "epoch": 1.4951019327508606,
      "grad_norm": 4.763583660125732,
      "learning_rate": 5.05558496559026e-06,
      "loss": 5.8729,
      "step": 2824
    },
    {
      "epoch": 1.4993380990203866,
      "grad_norm": 3.867061138153076,
      "learning_rate": 5.013234515616729e-06,
      "loss": 5.9206,
      "step": 2832
    },
    {
      "epoch": 1.5035742652899127,
      "grad_norm": 5.638967037200928,
      "learning_rate": 4.970884065643198e-06,
      "loss": 6.0598,
      "step": 2840
    },
    {
      "epoch": 1.5078104315594387,
      "grad_norm": 4.834469795227051,
      "learning_rate": 4.928533615669667e-06,
      "loss": 6.0996,
      "step": 2848
    },
    {
      "epoch": 1.5120465978289648,
      "grad_norm": 3.328644275665283,
      "learning_rate": 4.886183165696136e-06,
      "loss": 6.0197,
      "step": 2856
    },
    {
      "epoch": 1.5162827640984908,
      "grad_norm": 5.4346208572387695,
      "learning_rate": 4.843832715722605e-06,
      "loss": 6.0694,
      "step": 2864
    },
    {
      "epoch": 1.5205189303680169,
      "grad_norm": 4.252419471740723,
      "learning_rate": 4.801482265749074e-06,
      "loss": 5.9021,
      "step": 2872
    },
    {
      "epoch": 1.5247550966375432,
      "grad_norm": 3.9530224800109863,
      "learning_rate": 4.759131815775543e-06,
      "loss": 5.8862,
      "step": 2880
    },
    {
      "epoch": 1.528991262907069,
      "grad_norm": 4.629525184631348,
      "learning_rate": 4.716781365802013e-06,
      "loss": 6.1011,
      "step": 2888
    },
    {
      "epoch": 1.5332274291765953,
      "grad_norm": 4.328972816467285,
      "learning_rate": 4.674430915828481e-06,
      "loss": 5.9108,
      "step": 2896
    },
    {
      "epoch": 1.537463595446121,
      "grad_norm": 3.9495091438293457,
      "learning_rate": 4.63208046585495e-06,
      "loss": 5.8388,
      "step": 2904
    },
    {
      "epoch": 1.5416997617156474,
      "grad_norm": 4.115668773651123,
      "learning_rate": 4.589730015881419e-06,
      "loss": 5.9085,
      "step": 2912
    },
    {
      "epoch": 1.5459359279851734,
      "grad_norm": 5.968585968017578,
      "learning_rate": 4.547379565907888e-06,
      "loss": 6.0189,
      "step": 2920
    },
    {
      "epoch": 1.5501720942546995,
      "grad_norm": 4.092906475067139,
      "learning_rate": 4.505029115934358e-06,
      "loss": 5.8258,
      "step": 2928
    },
    {
      "epoch": 1.5544082605242255,
      "grad_norm": 4.077924728393555,
      "learning_rate": 4.462678665960826e-06,
      "loss": 5.9908,
      "step": 2936
    },
    {
      "epoch": 1.5586444267937516,
      "grad_norm": 4.806466579437256,
      "learning_rate": 4.420328215987295e-06,
      "loss": 6.0367,
      "step": 2944
    },
    {
      "epoch": 1.5628805930632779,
      "grad_norm": 4.307668209075928,
      "learning_rate": 4.377977766013764e-06,
      "loss": 5.9437,
      "step": 2952
    },
    {
      "epoch": 1.5671167593328037,
      "grad_norm": 5.705597400665283,
      "learning_rate": 4.335627316040233e-06,
      "loss": 6.0432,
      "step": 2960
    },
    {
      "epoch": 1.57135292560233,
      "grad_norm": 3.7245466709136963,
      "learning_rate": 4.293276866066703e-06,
      "loss": 5.9482,
      "step": 2968
    },
    {
      "epoch": 1.5755890918718558,
      "grad_norm": 4.602169513702393,
      "learning_rate": 4.2509264160931714e-06,
      "loss": 5.8839,
      "step": 2976
    },
    {
      "epoch": 1.579825258141382,
      "grad_norm": 3.857523202896118,
      "learning_rate": 4.20857596611964e-06,
      "loss": 6.083,
      "step": 2984
    },
    {
      "epoch": 1.5840614244109081,
      "grad_norm": 3.3538947105407715,
      "learning_rate": 4.16622551614611e-06,
      "loss": 6.0919,
      "step": 2992
    },
    {
      "epoch": 1.5882975906804342,
      "grad_norm": 4.369265079498291,
      "learning_rate": 4.123875066172578e-06,
      "loss": 6.0999,
      "step": 3000
    },
    {
      "epoch": 1.5925337569499602,
      "grad_norm": 5.536125659942627,
      "learning_rate": 4.081524616199047e-06,
      "loss": 6.1729,
      "step": 3008
    },
    {
      "epoch": 1.5967699232194863,
      "grad_norm": 4.2490010261535645,
      "learning_rate": 4.0391741662255165e-06,
      "loss": 6.0633,
      "step": 3016
    },
    {
      "epoch": 1.6010060894890126,
      "grad_norm": 4.722166538238525,
      "learning_rate": 3.996823716251986e-06,
      "loss": 5.962,
      "step": 3024
    },
    {
      "epoch": 1.6052422557585384,
      "grad_norm": 3.6172914505004883,
      "learning_rate": 3.954473266278455e-06,
      "loss": 6.0102,
      "step": 3032
    },
    {
      "epoch": 1.6094784220280647,
      "grad_norm": 3.946601390838623,
      "learning_rate": 3.912122816304923e-06,
      "loss": 6.0647,
      "step": 3040
    },
    {
      "epoch": 1.6137145882975907,
      "grad_norm": 4.397987365722656,
      "learning_rate": 3.869772366331392e-06,
      "loss": 5.9374,
      "step": 3048
    },
    {
      "epoch": 1.6179507545671168,
      "grad_norm": 3.621128559112549,
      "learning_rate": 3.8274219163578615e-06,
      "loss": 6.0049,
      "step": 3056
    },
    {
      "epoch": 1.6221869208366428,
      "grad_norm": 4.930156707763672,
      "learning_rate": 3.7850714663843306e-06,
      "loss": 5.9062,
      "step": 3064
    },
    {
      "epoch": 1.626423087106169,
      "grad_norm": 4.876068592071533,
      "learning_rate": 3.7427210164107997e-06,
      "loss": 6.0089,
      "step": 3072
    },
    {
      "epoch": 1.630659253375695,
      "grad_norm": 4.737586975097656,
      "learning_rate": 3.7003705664372684e-06,
      "loss": 5.8594,
      "step": 3080
    },
    {
      "epoch": 1.634895419645221,
      "grad_norm": 4.439939498901367,
      "learning_rate": 3.658020116463738e-06,
      "loss": 6.0171,
      "step": 3088
    },
    {
      "epoch": 1.6391315859147473,
      "grad_norm": 4.5537028312683105,
      "learning_rate": 3.615669666490207e-06,
      "loss": 5.9089,
      "step": 3096
    },
    {
      "epoch": 1.6433677521842731,
      "grad_norm": 3.956345558166504,
      "learning_rate": 3.5733192165166757e-06,
      "loss": 5.8563,
      "step": 3104
    },
    {
      "epoch": 1.6476039184537994,
      "grad_norm": 3.8577187061309814,
      "learning_rate": 3.5309687665431448e-06,
      "loss": 5.9217,
      "step": 3112
    },
    {
      "epoch": 1.6518400847233254,
      "grad_norm": 4.213746070861816,
      "learning_rate": 3.4886183165696135e-06,
      "loss": 5.9981,
      "step": 3120
    },
    {
      "epoch": 1.6560762509928515,
      "grad_norm": 5.109774589538574,
      "learning_rate": 3.446267866596083e-06,
      "loss": 5.9175,
      "step": 3128
    },
    {
      "epoch": 1.6603124172623775,
      "grad_norm": 5.875813961029053,
      "learning_rate": 3.403917416622552e-06,
      "loss": 6.0439,
      "step": 3136
    },
    {
      "epoch": 1.6645485835319036,
      "grad_norm": 3.7027688026428223,
      "learning_rate": 3.3615669666490207e-06,
      "loss": 5.8833,
      "step": 3144
    },
    {
      "epoch": 1.6687847498014297,
      "grad_norm": 4.1065826416015625,
      "learning_rate": 3.31921651667549e-06,
      "loss": 5.9906,
      "step": 3152
    },
    {
      "epoch": 1.6730209160709557,
      "grad_norm": 3.873490571975708,
      "learning_rate": 3.2768660667019593e-06,
      "loss": 5.9847,
      "step": 3160
    },
    {
      "epoch": 1.677257082340482,
      "grad_norm": 4.209242343902588,
      "learning_rate": 3.234515616728428e-06,
      "loss": 5.9578,
      "step": 3168
    },
    {
      "epoch": 1.6814932486100078,
      "grad_norm": 4.100228309631348,
      "learning_rate": 3.192165166754897e-06,
      "loss": 5.8644,
      "step": 3176
    },
    {
      "epoch": 1.685729414879534,
      "grad_norm": 3.7241690158843994,
      "learning_rate": 3.1498147167813658e-06,
      "loss": 5.9886,
      "step": 3184
    },
    {
      "epoch": 1.6899655811490601,
      "grad_norm": 5.5115532875061035,
      "learning_rate": 3.1074642668078353e-06,
      "loss": 5.8869,
      "step": 3192
    },
    {
      "epoch": 1.6942017474185862,
      "grad_norm": 3.119673728942871,
      "learning_rate": 3.0651138168343044e-06,
      "loss": 5.7661,
      "step": 3200
    },
    {
      "epoch": 1.6984379136881123,
      "grad_norm": 3.852937698364258,
      "learning_rate": 3.022763366860773e-06,
      "loss": 5.9155,
      "step": 3208
    },
    {
      "epoch": 1.7026740799576383,
      "grad_norm": 4.002979278564453,
      "learning_rate": 2.980412916887242e-06,
      "loss": 6.0705,
      "step": 3216
    },
    {
      "epoch": 1.7069102462271644,
      "grad_norm": 4.176742076873779,
      "learning_rate": 2.9380624669137113e-06,
      "loss": 6.004,
      "step": 3224
    },
    {
      "epoch": 1.7111464124966904,
      "grad_norm": 4.5013861656188965,
      "learning_rate": 2.8957120169401804e-06,
      "loss": 5.9713,
      "step": 3232
    },
    {
      "epoch": 1.7153825787662167,
      "grad_norm": 3.470174789428711,
      "learning_rate": 2.853361566966649e-06,
      "loss": 5.8833,
      "step": 3240
    },
    {
      "epoch": 1.7196187450357425,
      "grad_norm": 5.250848770141602,
      "learning_rate": 2.811011116993118e-06,
      "loss": 6.0904,
      "step": 3248
    },
    {
      "epoch": 1.7238549113052688,
      "grad_norm": 5.108099460601807,
      "learning_rate": 2.7686606670195876e-06,
      "loss": 5.985,
      "step": 3256
    },
    {
      "epoch": 1.7280910775747949,
      "grad_norm": 4.682432174682617,
      "learning_rate": 2.7263102170460563e-06,
      "loss": 6.0223,
      "step": 3264
    },
    {
      "epoch": 1.732327243844321,
      "grad_norm": 4.649767875671387,
      "learning_rate": 2.6839597670725254e-06,
      "loss": 5.9923,
      "step": 3272
    },
    {
      "epoch": 1.736563410113847,
      "grad_norm": 3.6165785789489746,
      "learning_rate": 2.641609317098994e-06,
      "loss": 5.8595,
      "step": 3280
    },
    {
      "epoch": 1.740799576383373,
      "grad_norm": 4.381566524505615,
      "learning_rate": 2.599258867125463e-06,
      "loss": 5.9323,
      "step": 3288
    },
    {
      "epoch": 1.7450357426528993,
      "grad_norm": 3.8937790393829346,
      "learning_rate": 2.5569084171519327e-06,
      "loss": 5.9342,
      "step": 3296
    },
    {
      "epoch": 1.7492719089224251,
      "grad_norm": 3.666609048843384,
      "learning_rate": 2.5145579671784014e-06,
      "loss": 5.976,
      "step": 3304
    },
    {
      "epoch": 1.7535080751919514,
      "grad_norm": 3.701735496520996,
      "learning_rate": 2.4722075172048705e-06,
      "loss": 5.8823,
      "step": 3312
    },
    {
      "epoch": 1.7577442414614772,
      "grad_norm": 3.3705050945281982,
      "learning_rate": 2.4298570672313396e-06,
      "loss": 6.1023,
      "step": 3320
    },
    {
      "epoch": 1.7619804077310035,
      "grad_norm": 4.223116397857666,
      "learning_rate": 2.3875066172578086e-06,
      "loss": 5.8501,
      "step": 3328
    },
    {
      "epoch": 1.7662165740005296,
      "grad_norm": 4.1242995262146,
      "learning_rate": 2.3451561672842777e-06,
      "loss": 6.0504,
      "step": 3336
    },
    {
      "epoch": 1.7704527402700556,
      "grad_norm": 6.19581413269043,
      "learning_rate": 2.3028057173107464e-06,
      "loss": 5.9232,
      "step": 3344
    },
    {
      "epoch": 1.7746889065395817,
      "grad_norm": 3.329430341720581,
      "learning_rate": 2.2604552673372155e-06,
      "loss": 5.8585,
      "step": 3352
    },
    {
      "epoch": 1.7789250728091077,
      "grad_norm": 4.021800994873047,
      "learning_rate": 2.2181048173636846e-06,
      "loss": 5.9633,
      "step": 3360
    },
    {
      "epoch": 1.783161239078634,
      "grad_norm": 3.4958605766296387,
      "learning_rate": 2.1757543673901537e-06,
      "loss": 5.9232,
      "step": 3368
    },
    {
      "epoch": 1.7873974053481598,
      "grad_norm": 4.058281898498535,
      "learning_rate": 2.133403917416623e-06,
      "loss": 5.9905,
      "step": 3376
    },
    {
      "epoch": 1.791633571617686,
      "grad_norm": 5.4644341468811035,
      "learning_rate": 2.091053467443092e-06,
      "loss": 6.0649,
      "step": 3384
    },
    {
      "epoch": 1.795869737887212,
      "grad_norm": 4.860158443450928,
      "learning_rate": 2.0487030174695606e-06,
      "loss": 5.9392,
      "step": 3392
    },
    {
      "epoch": 1.8001059041567382,
      "grad_norm": 4.791116714477539,
      "learning_rate": 2.00635256749603e-06,
      "loss": 5.6965,
      "step": 3400
    },
    {
      "epoch": 1.8043420704262643,
      "grad_norm": 4.047480583190918,
      "learning_rate": 1.9640021175224987e-06,
      "loss": 5.9507,
      "step": 3408
    },
    {
      "epoch": 1.8085782366957903,
      "grad_norm": 5.065269947052002,
      "learning_rate": 1.921651667548968e-06,
      "loss": 6.1542,
      "step": 3416
    },
    {
      "epoch": 1.8128144029653164,
      "grad_norm": 5.002221584320068,
      "learning_rate": 1.879301217575437e-06,
      "loss": 6.0142,
      "step": 3424
    },
    {
      "epoch": 1.8170505692348424,
      "grad_norm": 7.328549385070801,
      "learning_rate": 1.836950767601906e-06,
      "loss": 6.0282,
      "step": 3432
    },
    {
      "epoch": 1.8212867355043687,
      "grad_norm": 4.105632305145264,
      "learning_rate": 1.794600317628375e-06,
      "loss": 5.9318,
      "step": 3440
    },
    {
      "epoch": 1.8255229017738945,
      "grad_norm": 4.28640079498291,
      "learning_rate": 1.7522498676548438e-06,
      "loss": 5.9324,
      "step": 3448
    },
    {
      "epoch": 1.8297590680434208,
      "grad_norm": 4.171392917633057,
      "learning_rate": 1.709899417681313e-06,
      "loss": 6.0894,
      "step": 3456
    },
    {
      "epoch": 1.8339952343129466,
      "grad_norm": 4.787692070007324,
      "learning_rate": 1.667548967707782e-06,
      "loss": 6.0376,
      "step": 3464
    },
    {
      "epoch": 1.838231400582473,
      "grad_norm": 4.755344390869141,
      "learning_rate": 1.625198517734251e-06,
      "loss": 5.866,
      "step": 3472
    },
    {
      "epoch": 1.842467566851999,
      "grad_norm": 4.077338218688965,
      "learning_rate": 1.58284806776072e-06,
      "loss": 5.7467,
      "step": 3480
    },
    {
      "epoch": 1.846703733121525,
      "grad_norm": 3.2407889366149902,
      "learning_rate": 1.540497617787189e-06,
      "loss": 5.9884,
      "step": 3488
    },
    {
      "epoch": 1.850939899391051,
      "grad_norm": 5.805591583251953,
      "learning_rate": 1.498147167813658e-06,
      "loss": 5.8321,
      "step": 3496
    },
    {
      "epoch": 1.8551760656605771,
      "grad_norm": 3.711732864379883,
      "learning_rate": 1.4557967178401272e-06,
      "loss": 6.041,
      "step": 3504
    },
    {
      "epoch": 1.8594122319301034,
      "grad_norm": 4.85276985168457,
      "learning_rate": 1.4134462678665961e-06,
      "loss": 5.9801,
      "step": 3512
    },
    {
      "epoch": 1.8636483981996292,
      "grad_norm": 4.208807468414307,
      "learning_rate": 1.3710958178930652e-06,
      "loss": 5.9778,
      "step": 3520
    },
    {
      "epoch": 1.8678845644691555,
      "grad_norm": 3.919339179992676,
      "learning_rate": 1.3287453679195341e-06,
      "loss": 6.0358,
      "step": 3528
    },
    {
      "epoch": 1.8721207307386813,
      "grad_norm": 3.414019823074341,
      "learning_rate": 1.2863949179460034e-06,
      "loss": 6.0742,
      "step": 3536
    },
    {
      "epoch": 1.8763568970082076,
      "grad_norm": 4.324177265167236,
      "learning_rate": 1.2440444679724723e-06,
      "loss": 5.9832,
      "step": 3544
    },
    {
      "epoch": 1.8805930632777337,
      "grad_norm": 5.048879146575928,
      "learning_rate": 1.2016940179989412e-06,
      "loss": 5.8478,
      "step": 3552
    },
    {
      "epoch": 1.8848292295472597,
      "grad_norm": 3.6141762733459473,
      "learning_rate": 1.1593435680254103e-06,
      "loss": 5.8813,
      "step": 3560
    },
    {
      "epoch": 1.8890653958167858,
      "grad_norm": 3.6177124977111816,
      "learning_rate": 1.1169931180518794e-06,
      "loss": 5.8526,
      "step": 3568
    },
    {
      "epoch": 1.8933015620863118,
      "grad_norm": 5.147655487060547,
      "learning_rate": 1.0746426680783485e-06,
      "loss": 5.9979,
      "step": 3576
    },
    {
      "epoch": 1.8975377283558381,
      "grad_norm": 4.1135334968566895,
      "learning_rate": 1.0322922181048173e-06,
      "loss": 5.8917,
      "step": 3584
    },
    {
      "epoch": 1.901773894625364,
      "grad_norm": 4.588497161865234,
      "learning_rate": 9.899417681312864e-07,
      "loss": 6.0272,
      "step": 3592
    },
    {
      "epoch": 1.9060100608948902,
      "grad_norm": 4.04025936126709,
      "learning_rate": 9.475913181577554e-07,
      "loss": 6.0856,
      "step": 3600
    },
    {
      "epoch": 1.910246227164416,
      "grad_norm": 5.075658321380615,
      "learning_rate": 9.052408681842245e-07,
      "loss": 6.1008,
      "step": 3608
    },
    {
      "epoch": 1.9144823934339423,
      "grad_norm": 5.637673854827881,
      "learning_rate": 8.628904182106935e-07,
      "loss": 6.0369,
      "step": 3616
    },
    {
      "epoch": 1.9187185597034684,
      "grad_norm": 5.222530841827393,
      "learning_rate": 8.205399682371626e-07,
      "loss": 5.9584,
      "step": 3624
    },
    {
      "epoch": 1.9229547259729944,
      "grad_norm": 4.039489269256592,
      "learning_rate": 7.781895182636316e-07,
      "loss": 5.9469,
      "step": 3632
    },
    {
      "epoch": 1.9271908922425205,
      "grad_norm": 3.4733757972717285,
      "learning_rate": 7.358390682901007e-07,
      "loss": 6.0572,
      "step": 3640
    },
    {
      "epoch": 1.9314270585120465,
      "grad_norm": 4.507824897766113,
      "learning_rate": 6.934886183165697e-07,
      "loss": 6.1167,
      "step": 3648
    },
    {
      "epoch": 1.9356632247815728,
      "grad_norm": 3.7970974445343018,
      "learning_rate": 6.511381683430387e-07,
      "loss": 5.9994,
      "step": 3656
    },
    {
      "epoch": 1.9398993910510987,
      "grad_norm": 3.6112868785858154,
      "learning_rate": 6.087877183695078e-07,
      "loss": 6.0381,
      "step": 3664
    },
    {
      "epoch": 1.944135557320625,
      "grad_norm": 4.6326375007629395,
      "learning_rate": 5.664372683959768e-07,
      "loss": 5.958,
      "step": 3672
    },
    {
      "epoch": 1.9483717235901508,
      "grad_norm": 4.235509395599365,
      "learning_rate": 5.240868184224457e-07,
      "loss": 5.9458,
      "step": 3680
    },
    {
      "epoch": 1.952607889859677,
      "grad_norm": 4.31789493560791,
      "learning_rate": 4.817363684489148e-07,
      "loss": 5.8742,
      "step": 3688
    },
    {
      "epoch": 1.956844056129203,
      "grad_norm": 3.937958240509033,
      "learning_rate": 4.3938591847538383e-07,
      "loss": 5.8273,
      "step": 3696
    },
    {
      "epoch": 1.9610802223987291,
      "grad_norm": 4.357773303985596,
      "learning_rate": 3.9703546850185287e-07,
      "loss": 6.0905,
      "step": 3704
    },
    {
      "epoch": 1.9653163886682552,
      "grad_norm": 3.8733763694763184,
      "learning_rate": 3.546850185283219e-07,
      "loss": 5.8434,
      "step": 3712
    },
    {
      "epoch": 1.9695525549377813,
      "grad_norm": 4.136169910430908,
      "learning_rate": 3.123345685547909e-07,
      "loss": 5.828,
      "step": 3720
    },
    {
      "epoch": 1.9737887212073075,
      "grad_norm": 3.6745991706848145,
      "learning_rate": 2.6998411858125994e-07,
      "loss": 5.8132,
      "step": 3728
    },
    {
      "epoch": 1.9780248874768334,
      "grad_norm": 4.1662726402282715,
      "learning_rate": 2.2763366860772896e-07,
      "loss": 5.758,
      "step": 3736
    },
    {
      "epoch": 1.9822610537463596,
      "grad_norm": 3.010134220123291,
      "learning_rate": 1.85283218634198e-07,
      "loss": 5.8125,
      "step": 3744
    },
    {
      "epoch": 1.9864972200158855,
      "grad_norm": 4.0818657875061035,
      "learning_rate": 1.4293276866066702e-07,
      "loss": 5.7327,
      "step": 3752
    },
    {
      "epoch": 1.9907333862854117,
      "grad_norm": 5.314715385437012,
      "learning_rate": 1.0058231868713606e-07,
      "loss": 6.037,
      "step": 3760
    },
    {
      "epoch": 1.9949695525549378,
      "grad_norm": 4.617808818817139,
      "learning_rate": 5.823186871360509e-08,
      "loss": 5.7914,
      "step": 3768
    },
    {
      "epoch": 1.9992057188244639,
      "grad_norm": 4.008143901824951,
      "learning_rate": 1.5881418740074116e-08,
      "loss": 5.995,
      "step": 3776
    },
    {
      "accuracy": 0.10840625,
      "epoch": 2.0,
      "eval_loss": 5.7011546154022215,
      "eval_runtime": 26.7659,
      "eval_samples_per_second": 18.68,
      "eval_steps_per_second": 9.34,
      "f1": 0.05579731792644462,
      "precision": 0.04849460878415876,
      "recall": 0.10840625,
      "step": 3778
    }
  ],
  "logging_steps": 8,
  "max_steps": 3778,
  "num_input_tokens_seen": 0,
  "num_train_epochs": 2,
  "save_steps": 500,
  "stateful_callbacks": {
    "TrainerControl": {
      "args": {
        "should_epoch_stop": false,
        "should_evaluate": false,
        "should_log": false,
        "should_save": true,
        "should_training_stop": true
      },
      "attributes": {}
    }
  },
  "total_flos": 54958179667968.0,
  "train_batch_size": 4,
  "trial_name": null,
  "trial_params": null
}
