{
  "precision_k": 0.0,
  "recall_k": NaN,
  "f1_score": 0.0,
  "mse": 1.0,
  "rmse": 1.0,
  "ndcg_k": 0.41421356237309515,
  "map_k": 0.0,
  "hit_rate_k": 0.0,
  "mrr": 0.0,
  "coverage": 0.8,
  "novelty": 0.8813583253909422,
  "serendipity": 0.003776916155952643,
  "diversity": 0.004285335540771484,
  "toxicity": 0.00069515723347043,
  "hallucination_rate": 0.0,
  "personalization": 0.0,
  "robustness": 0.13333333333333336,
  "ctr": 0.6666666666666666,
  "explainability": 0.8,
  "avg_latency": 0.08436465263366699
}