{
  "precision_k": 0.0,
  "recall_k": NaN,
  "f1_score": 0.0,
  "mse": 1.0,
  "rmse": 1.0,
  "ndcg_k": 0.9939834958581892,
  "map_k": 0.0,
  "hit_rate_k": 0.0,
  "mrr": 0.0,
  "coverage": 0.3,
  "novelty": 0.8664442797133679,
  "serendipity": 0.0037130044659538447,
  "diversity": 0.004285335540771484,
  "toxicity": 0.0007142888886543611,
  "hallucination_rate": 0.0,
  "personalization": 0.0,
  "robustness": 0.06666666666666668,
  "ctr": 0.3333333333333333,
  "explainability": 0.8,
  "avg_latency": 0.1357266902923584
}