{
    "iqra": {
        "symptoms": "high fever",
        "likely_conditions": [
            {
                "Condition": "keratoconus",
                "Doctor": "dr muhammad ali awan clinic",
                "Treatment": "rest hydration medication mild prescription medication usually work",
                "Specialist": "endocrinologist",
                "Rating": 4.6,
                "Address": "specialized clinic 142 allama iqbal road, canal rd",
                "City": "lahore",
                "Score": 0.5
            },
            {
                "Condition": "migraine",
                "Doctor": "dr somia iqtadar",
                "Treatment": "immediate hospitalization monitoring critical care mild prescription medication usually work diet regular cardiac monitoring recommended",
                "Specialist": "neurologist",
                "Rating": 4.9,
                "Address": "internist 16",
                "City": "lahore",
                "Score": 0.5
            },
            {
                "Condition": "iron-deficiency anemia",
                "Doctor": "dr waqas mehdi",
                "Treatment": "consultation standard treatment protocol stronger prescription drug may necessary",
                "Specialist": "neurologist",
                "Rating": 4.2,
                "Address": "neurologist 3-a mid city hospital main jail rd opposite kinnard college",
                "City": "lahore",
                "Score": 0.5
            },
            {
                "Condition": "lupus",
                "Doctor": "dr khawar abbass",
                "Treatment": "consultation standard treatment protocol stronger prescription drug may necessary",
                "Specialist": "pulmonologist",
                "Rating": 4.1,
                "Address": "pulmonologist g9q2+6cx",
                "City": "lahore",
                "Score": 0.5
            }
        ],
        "other_conditions": [
            {
                "Condition": "dermatitis",
                "Doctor": "dr nazeer ahmad malik",
                "Treatment": "rest hydration medication mild prescription medication usually work",
                "Specialist": "dermatologist",
                "Rating": 4.0,
                "Address": "medical clinic 46wx+496, ketchury rd",
                "City": "ahmedpur east",
                "Score": 0.17320508075688776
            },
            {
                "Condition": "bursitis",
                "Doctor": "dr.mirza mehboob azhar neurologist",
                "Treatment": "rest hydration medication mild prescription medication usually work",
                "Specialist": "neurologist",
                "Rating": 3.0,
                "Address": "doctor international hospital /imtiaz hospital",
                "City": "sahiwal",
                "Score": 0.3
            },
            {
                "Condition": "dyspepsia",
                "Doctor": "dr hassan khalid orthopedic surgeon home",
                "Treatment": "consultation standard treatment protocol stronger prescription drug may necessary",
                "Specialist": "surgeon",
                "Rating": 5.0,
                "Address": "apartment building vpq9+53g",
                "City": "kamalia",
                "Score": 0.3
            }
        ],
        "latency": 2.5008857250213623,
        "evaluation_metrics": {
            "precision": 0.0,
            "recall": 0.0,
            "f1": 0.0,
            "mrr": 0.0,
            "relevant_count": 0
        }
    }
}